-- --------------------------------------------------------
-- Host:                         127.0.0.1
-- Server version:               5.5.42 - MySQL Community Server (GPL)
-- Server OS:                    Win32
-- HeidiSQL Version:             9.3.0.4984
-- --------------------------------------------------------

/*!40101 SET @OLD_CHARACTER_SET_CLIENT=@@CHARACTER_SET_CLIENT */;
/*!40101 SET NAMES utf8mb4 */;
/*!40014 SET @OLD_FOREIGN_KEY_CHECKS=@@FOREIGN_KEY_CHECKS, FOREIGN_KEY_CHECKS=0 */;
/*!40101 SET @OLD_SQL_MODE=@@SQL_MODE, SQL_MODE='NO_AUTO_VALUE_ON_ZERO' */;

-- Dumping database structure for collect
CREATE DATABASE IF NOT EXISTS `collect` /*!40100 DEFAULT CHARACTER SET latin1 */;
USE `collect`;


-- Dumping structure for table collect.coll_batch_upload
CREATE TABLE IF NOT EXISTS `coll_batch_upload` (
  `BU_ID` int(10) unsigned NOT NULL AUTO_INCREMENT,
  `BU_TGL` date NOT NULL DEFAULT '0000-00-00',
  `BU_FILE_PATH` varchar(300) NOT NULL,
  `PRSH_ID` varchar(10) NOT NULL,
  `U_ID` varchar(35) NOT NULL,
  PRIMARY KEY (`BU_ID`),
  KEY `BU_TGL` (`BU_TGL`),
  KEY `PRSH_ID` (`PRSH_ID`)
) ENGINE=InnoDB AUTO_INCREMENT=42 DEFAULT CHARSET=latin1;

-- Dumping data for table collect.coll_batch_upload: ~24 rows (approximately)
DELETE FROM `coll_batch_upload`;
/*!40000 ALTER TABLE `coll_batch_upload` DISABLE KEYS */;
INSERT INTO `coll_batch_upload` (`BU_ID`, `BU_TGL`, `BU_FILE_PATH`, `PRSH_ID`, `U_ID`) VALUES
	(1, '2017-07-30', 'uploads/jadwal-asba-spv-001-20170730235054.xlsx', 'ASBA', ''),
	(2, '2017-07-30', 'uploads/jadwal-asba-spv-001-20170730235111.xlsx', 'ASBA', ''),
	(3, '2017-07-30', 'uploads/jadwal-asba-spv-001-20170730235128.xlsx', 'ASBA', ''),
	(4, '2017-07-30', 'uploads/jadwal-asba-spv-001-20170730235143.xlsx', 'ASBA', ''),
	(5, '2017-08-03', 'uploads/jadwal-spv-tlz-001-20170803220428.xls', 'TSC.10', ''),
	(6, '2017-08-04', 'uploads/jadwal-spv-tlz-001-20170804232511.xls', 'TSC.10', 'SPV.TLZ.001'),
	(7, '2017-08-07', 'uploads/jadwal-spv-tlz-001-20170807005539.xls', 'TSC.10', 'SPV.TLZ.001'),
	(8, '2017-08-08', 'uploads/jadwal-spv-tlz-001-20170808233631.xlsx', 'TSC.10', 'SPV.TLZ.001'),
	(9, '2017-08-10', 'uploads/jadwal-spv-tlz-001-20170810232145.xlsx', 'TSC.10', 'SPV.TLZ.001'),
	(10, '2017-08-14', 'uploads/jadwal-spv-tlz-001-20170814050439.xlsx', 'TSC.10', 'SPV.TLZ.001'),
	(11, '2017-08-14', 'uploads/jadwal-spv-tlz-001-20170814232646.xlsx', 'TSC.10', 'SPV.TLZ.001'),
	(12, '2017-08-15', 'uploads/jadwal-spv-tlz-001-20170815233850.xlsx', 'TSC.10', 'SPV.TLZ.001'),
	(13, '2017-08-17', 'uploads/jadwal-spv-tlz-001-20170817234530.xlsx', 'TSC.10', 'SPV.TLZ.001'),
	(14, '2017-08-21', 'uploads/jadwal-spv-tlz-001-20170821231109.xlsx', 'TSC.10', 'SPV.TLZ.001'),
	(15, '2017-11-22', 'uploads/jadwal-ida-spv-001-20171122123722.xlsx', 'TSC.012IDA', 'ida.spv.001'),
	(25, '2017-11-27', 'uploads/jadwal-ida-spv-001-20171127152714.xlsx', 'TSC.012IDA', 'ida.spv.001'),
	(29, '2017-11-29', 'uploads/jadwal-spv-tlz-001-20171129092407.xlsx', 'TSC.10', 'SPV.TLZ.001'),
	(30, '2017-11-29', 'uploads/jadwal-ida-spv-001-20171129112107.xlsx', 'TSC.012IDA', 'ida.spv.001'),
	(36, '2017-11-30', 'uploads/jadwal-ida-spv-001-20171130150217.xlsx', 'TSC.012IDA', 'ida.spv.001'),
	(37, '2017-12-02', 'uploads/jadwal-ida-spv-001-20171202092924.xlsx', 'TSC.012IDA', 'ida.spv.001'),
	(38, '2017-12-04', 'uploads/jadwal-ida-spv-001-20171204092659.xlsx', 'TSC.012IDA', 'ida.spv.001'),
	(39, '2017-12-05', 'uploads/jadwal-ida-spv-001-20171205045103.xlsx', 'TSC.012IDA', 'ida.spv.001'),
	(40, '2018-01-18', 'uploads/jadwal-ida-spv-001-20180118092522.xlsx', 'TSC.012IDA', 'ida.spv.001'),
	(41, '2018-02-17', 'uploads/jadwal-spv-can-01-20180217091821.xlsx', 'TSC.002', 'spv.can.01');
/*!40000 ALTER TABLE `coll_batch_upload` ENABLE KEYS */;


-- Dumping structure for table collect.coll_batch_upload_data
CREATE TABLE IF NOT EXISTS `coll_batch_upload_data` (
  `BUD_ID` int(10) unsigned NOT NULL AUTO_INCREMENT,
  `BU_ID` int(11) NOT NULL,
  `PRSH_ID` varchar(10) NOT NULL,
  `BUD_COLL_U_ID` varchar(35) DEFAULT '-',
  `BUD_PINJ_ID` varchar(35) DEFAULT '-',
  `BUD_PINJ_PERIODE` varchar(3) DEFAULT '-',
  `BUD_CUST_ID` varchar(35) DEFAULT '-',
  `BUD_CUST_NAMA` varchar(50) DEFAULT '-',
  `BUD_CUST_ALAMAT` varchar(80) DEFAULT '-',
  `BUD_CUST_PONSEL` varchar(20) DEFAULT '-',
  `BUD_PINJ_MASA_KREDIT` varchar(20) DEFAULT '-',
  `BUD_PINJ_TGL_KREDIT` date DEFAULT '0000-00-00',
  `BUD_PINJ_TGL_ANGS` date DEFAULT '0000-00-00',
  `BUD_PINJ_TGL_JADWAL` date DEFAULT '0000-00-00',
  `BUD_PINJ_POKOK` decimal(10,0) DEFAULT '0',
  `BUD_PINJ_BUNGA` decimal(10,0) DEFAULT '0',
  `BUD_PINJ_DENDA` decimal(10,0) DEFAULT '0',
  `BUD_PINJ_JUMLAH` decimal(10,0) DEFAULT '0',
  `BUD_PINJ_JUMLAH_BAYAR` decimal(10,0) DEFAULT '0',
  `BUD_PINJ_TGL_BAYAR` datetime DEFAULT '0000-00-00 00:00:00',
  `BUD_LOKASI_LAT` varchar(50) DEFAULT '0',
  `BUD_LOKASI_LNG` varchar(50) DEFAULT '0',
  `BUD_STATUS` varchar(20) DEFAULT 'ST_JADWAL' COMMENT 'coll_referensi : STATUS_COLLECTION',
  `BUD_STATUS_WAKTU` datetime DEFAULT '0000-00-00 00:00:00',
  `BUD_KETERANGAN` varchar(400) DEFAULT '-',
  `BUD_IMG_PATH` varchar(400) DEFAULT '-',
  PRIMARY KEY (`BUD_ID`),
  KEY `BUD_COLL_U_ID` (`BU_ID`),
  KEY `BUD_PINJ_ID` (`BUD_PINJ_ID`),
  KEY `PRSH_ID` (`PRSH_ID`)
) ENGINE=InnoDB AUTO_INCREMENT=308 DEFAULT CHARSET=latin1;

-- Dumping data for table collect.coll_batch_upload_data: ~226 rows (approximately)
DELETE FROM `coll_batch_upload_data`;
/*!40000 ALTER TABLE `coll_batch_upload_data` DISABLE KEYS */;
INSERT INTO `coll_batch_upload_data` (`BUD_ID`, `BU_ID`, `PRSH_ID`, `BUD_COLL_U_ID`, `BUD_PINJ_ID`, `BUD_PINJ_PERIODE`, `BUD_CUST_ID`, `BUD_CUST_NAMA`, `BUD_CUST_ALAMAT`, `BUD_CUST_PONSEL`, `BUD_PINJ_MASA_KREDIT`, `BUD_PINJ_TGL_KREDIT`, `BUD_PINJ_TGL_ANGS`, `BUD_PINJ_TGL_JADWAL`, `BUD_PINJ_POKOK`, `BUD_PINJ_BUNGA`, `BUD_PINJ_DENDA`, `BUD_PINJ_JUMLAH`, `BUD_PINJ_JUMLAH_BAYAR`, `BUD_PINJ_TGL_BAYAR`, `BUD_LOKASI_LAT`, `BUD_LOKASI_LNG`, `BUD_STATUS`, `BUD_STATUS_WAKTU`, `BUD_KETERANGAN`, `BUD_IMG_PATH`) VALUES
	(1, 1, 'ASBA', 'ASBA.AND.001', '01.1020301.001761', '4', '010314.003008', 'ADITYA ROY SAPUTRA', 'JL. KEPODANG B 1/9 RT 001/012, PUDAKPAYUNG, BANYUM', '0', '18 Bulan', '2016-05-13', '2017-07-31', '2017-07-31', 291700, 0, 6000, 297700, 0, '0000-00-00 00:00:00', '-6.9911729', '110.3808737', 'ST_TIDAK_DITEMUKAN', '2017-07-31 08:19:35', '-', 'uploads/report-ASBA.AND.001-08d89b0dc6.jpg'),
	(2, 1, 'ASBA', 'ASBA.AND.001', '01.1020101.003143', '7', '010108.001459', 'NUR SODIQ', 'JL. KEPODANG BARAT I/C-8', '0', '24 Bulan', '2016-05-14', '2017-07-31', '2017-07-31', 684900, 125600, 4000, 814500, 814500, '2017-07-31 07:46:26', '-6.9893926', '110.382533', 'ST_BAYAR', '2017-07-31 07:46:26', '-', 'uploads/report-ASBA.AND.001-a8746da61b.jpg'),
	(3, 1, 'ASBA', 'ASBA.AND.001', '01.1020301.001697', '2', '010309.000197', 'AKHMAD SUBAKIR', 'JL. KEPODANG BARAT IV NO.28, -, -', '0247040652', '6 Bulan', '2016-06-14', '2017-07-31', '2017-07-31', 209300, 0, 4000, 213300, 100000, '2017-07-31 08:44:10', '-6.9871194', '110.3992224', 'ST_BAYAR_PARSIAL', '2017-07-31 08:44:10', '-', 'uploads/report-ASBA.AND.001-86fb5e56d1.jpg'),
	(4, 1, 'ASBA', 'ASBA.DWI.003', '01.1020101.002964', '2', '010308.000067', 'SUMARDI', 'JL. KEPODANG RAYA A-82 RT01/14, -, -', '0', '6 Bulan', '2016-06-13', '2017-07-31', '2017-07-31', 166700, 91800, 6000, 264500, 0, '0000-00-00 00:00:00', '0', '0', 'ST_JADWAL', '0000-00-00 00:00:00', '-', '-'),
	(5, 1, 'ASBA', 'ASBA.DWI.003', '01.1020301.001668', '2', '010308.000067', 'SUMARDI', 'JL. KEPODANG RAYA A-82 RT01/14, -, -', '0', '36 Bulan', '2016-04-13', '2017-07-31', '2017-07-31', 266700, 0, 6000, 272700, 0, '0000-00-00 00:00:00', '0', '0', 'ST_JADWAL', '0000-00-00 00:00:00', '-', '-'),
	(6, 1, 'ASBA', 'ASBA.DWI.003', '01.1020101.003234', '3', '010309.000317', 'DWI PURWANTO', 'JL. KEPODANG RAYA C-130 RT 01/10, PUDAKPAYUNG-, BA', '0', '12 Bulan', '2016-04-12', '2017-07-31', '2017-07-31', 200000, 36600, 8000, 244600, 0, '0000-00-00 00:00:00', '0', '0', 'ST_JADWAL', '0000-00-00 00:00:00', '-', '-'),
	(7, 1, 'ASBA', 'ASBA.DWI.003', '01.1020301.001769', '1', '010309.000426', 'BAMBANG DWI SUTADI', 'JL. KEPODANG SELATAN A-10, -, -', '085291577094', '30 Bulan', '2016-06-13', '2017-07-31', '2017-07-31', 250000, 0, 6000, 256000, 0, '0000-00-00 00:00:00', '0', '0', 'ST_JADWAL', '0000-00-00 00:00:00', '-', '-'),
	(8, 1, 'ASBA', 'ASBA.DEW.004', '01.1020301.001823', '2', '010309.000441', 'PARLAN', 'JL. KEPODANG SELATAN II A-36 RT 002/014, PUDAKPAYU', '02476485022', '30 Bulan', '2016-05-12', '2017-07-30', '2017-07-30', 166700, 0, 8000, 174700, 0, '0000-00-00 00:00:00', '0', '0', 'ST_JADWAL', '0000-00-00 00:00:00', '-', '-'),
	(9, 1, 'ASBA', 'ASBA.DEW.004', '01.1020301.001551', '2', '010308.000119', 'WAHYUNI', 'JL. KEPODANG TIMUR IV BLOK B-146 RT 006/008, PUDAK', '085640818588', '6 Bulan', '2016-03-14', '2017-07-30', '2017-07-30', 166600, 0, 4000, 170600, 0, '0000-00-00 00:00:00', '0', '0', 'ST_JADWAL', '0000-00-00 00:00:00', '-', '-'),
	(10, 1, 'ASBA', 'ASBA.DEW.004', '01.1020101.002581', '7', '010308.000119', 'WAHYUNI', 'JL. KEPODANG TIMUR IV BLOK B-146 RT 006/008, PUDAK', '085640818588', '12 Bulan', '2016-05-14', '2017-07-30', '2017-07-30', 500000, 110000, 4000, 614000, 0, '0000-00-00 00:00:00', '0', '0', 'ST_JADWAL', '0000-00-00 00:00:00', '-', '-'),
	(11, 2, 'ASBA', 'ASBA.AND.001', '01.1020101.002712', '5', '010314.003152', 'SUHARTO, SE', 'JL. MENOREH RAYA NO 2A RT 006/001, SAMPANGAN, GAJA', '085385380740', '6 Bulan', '2016-05-14', '2017-07-30', '2017-07-30', 75000, 0, 6000, 81000, 0, '0000-00-00 00:00:00', '0', '0', 'ST_JADWAL', '0000-00-00 00:00:00', '-', '-'),
	(12, 2, 'ASBA', 'ASBA.AND.001', '01.1020301.001603', '4', '010314.003152', 'SUHARTO, SE', 'JL. MENOREH RAYA NO 2A RT 006/001, SAMPANGAN, GAJA', '085385380740', '6 Bulan', '2016-05-14', '2017-07-30', '2017-07-30', 75000, 0, 6000, 81000, 0, '0000-00-00 00:00:00', '0', '0', 'ST_JADWAL', '0000-00-00 00:00:00', '-', '-'),
	(13, 2, 'ASBA', 'ASBA.DEW.004', '01.1020301.001676', '3', '010309.000234', 'DWI PRASETIYANI', 'JL. PUDAKSARI RT 008/006, PUDAKPAYUNG, BANYUMANIK', '08164282457', '18 Bulan', '2016-06-14', '2017-07-30', '2017-07-30', 416700, 0, 6000, 422700, 0, '0000-00-00 00:00:00', '0', '0', 'ST_JADWAL', '0000-00-00 00:00:00', '-', '-'),
	(14, 2, 'ASBA', 'ASBA.DWI.003', '01.1020301.001698', '5', '010314.003270', 'EKO NURYANTO', 'JL. PUDAKSARI RT 008/006, PUDAKPAYUNG, BANYUMANIK', '087832115993', '24 Bulan', '2016-06-15', '2017-07-31', '2017-07-31', 250000, 0, 4000, 254000, 0, '0000-00-00 00:00:00', '0', '0', 'ST_JADWAL', '0000-00-00 00:00:00', '-', '-'),
	(15, 2, 'ASBA', 'ASBA.DWI.003', '01.1020301.001601', '4', '010314.003123', 'FERIANI WULANDARI', 'JL. SENDANG KEMBANG RT 015/006, PUDAKPAYUNG, BANYU', '087700332904', '6 Bulan', '2016-06-15', '2017-07-31', '2017-07-31', 520900, 0, 4000, 524900, 0, '0000-00-00 00:00:00', '0', '0', 'ST_JADWAL', '0000-00-00 00:00:00', '-', '-'),
	(16, 2, 'ASBA', 'ASBA.DEW.004', '01.1020101.003238', '2', '010315.003635', 'JUMARI', 'JL.GEDAWANG RT 06/02, GEDAWANG, BANYUMANIK', '085200610895', '6 Bulan', '2016-06-15', '2017-07-31', '2017-07-31', 291700, 148300, 4000, 444000, 0, '0000-00-00 00:00:00', '0', '0', 'ST_JADWAL', '0000-00-00 00:00:00', '-', '-'),
	(17, 3, 'ASBA', 'ASBA.AND.001', '01.1020101.003277', '5', '010315.003674', 'NANIK SULASMI', 'JL.PARIKESIT RAYA NO 17 RT 08/02, BANYUMANIK, BANY', '081329277000', '36 Bulan', '2017-04-27', '2017-07-17', '2017-07-20', 208400, 91600, 6000, 306000, 0, '0000-00-00 00:00:00', '0', '0', 'ST_JADWAL', '0000-00-00 00:00:00', '-', '-'),
	(18, 3, 'ASBA', 'ASBA.AND.001', '01.1020301.001805', '5', '010215.003736', 'PUTUT NUR WALIYANTO', 'JL.SANGGUNG RAYA RT 04/06, JATINGALEH, CANDISARI', '0', '12 Bulan', '2017-04-26', '2017-07-16', '2017-07-20', 166700, 0, 8000, 174700, 0, '0000-00-00 00:00:00', '0', '0', 'ST_JADWAL', '0000-00-00 00:00:00', '-', '-'),
	(19, 3, 'ASBA', 'ASBA.AND.001', '01.1020301.001824', '2', '010312.002312', 'SUMARNO', 'KAPLING RT 008/012, PUDAKPAYUNG, BANYUMANIK', '085876593955', '30 Bulan', '2017-04-26', '2017-07-16', '2017-07-20', 250000, 0, 8000, 258000, 0, '0000-00-00 00:00:00', '0', '0', 'ST_JADWAL', '0000-00-00 00:00:00', '-', '-'),
	(20, 3, 'ASBA', 'ASBA.AND.001', '01.1020101.003191', '7', '010315.003565', 'BA\'DA SHOLIHUL HUDA', 'KARANGANYAR RT 002/001, BANYUMANIK, BANYUMANIK', '085727338065', '30 Bulan', '2017-03-27', '2017-07-17', '2017-07-20', 250000, 55000, 6000, 311000, 0, '0000-00-00 00:00:00', '0', '0', 'ST_JADWAL', '0000-00-00 00:00:00', '-', '-'),
	(21, 3, 'ASBA', 'ASBA.DWI.003', '01.1020301.001804', '9', '010310.000622', 'NGATIYAH', 'KEPODANG BARAT II NO. 11, -, -', '0', '6 Bulan', '2017-04-27', '2017-07-17', '2017-07-20', 250000, 0, 6000, 256000, 0, '0000-00-00 00:00:00', '0', '0', 'ST_JADWAL', '0000-00-00 00:00:00', '-', '-'),
	(22, 3, 'ASBA', 'ASBA.DWI.003', '01.1020101.003274', '6', '010314.003104', 'MARYUMI', 'NGASEM NO.23 RT 2/5, PUDAKPAYUNG, BANYUMANIK', '0', '12 Bulan', '2017-05-26', '2017-07-16', '2017-07-20', 250000, 82500, 8000, 340500, 0, '0000-00-00 00:00:00', '0', '0', 'ST_JADWAL', '0000-00-00 00:00:00', '-', '-'),
	(23, 3, 'ASBA', 'ASBA.DWI.003', '01.1020101.003165', '4', '010311.001733', 'JUWARI', 'PERINTIS KEMERDEKAAN 179 RT 004/004, PUDAKPAYUNG,', '0247471815', '6 Bulan', '2017-05-26', '2017-07-16', '2017-07-20', 333200, 146800, 8000, 488000, 0, '0000-00-00 00:00:00', '0', '0', 'ST_JADWAL', '0000-00-00 00:00:00', '-', '-'),
	(24, 3, 'ASBA', 'ASBA.DWI.003', '01.1020101.002817', '6', '010312.002164', 'R. ENDANG PUJI RAHAYU', 'PERUM KARTIKA ASRI D.III/NO.4 RT 002/015, PUDAKPAY', '087832984219', '6 Bulan', '2017-05-26', '2017-07-16', '2017-07-20', 291700, 128300, 8000, 428000, 0, '0000-00-00 00:00:00', '0', '0', 'ST_JADWAL', '0000-00-00 00:00:00', '-', '-'),
	(25, 3, 'ASBA', 'ASBA.DEW.004', '01.1020101.003004', '8', '010314.003157', 'TEDI SUSILO', 'PERUM MEGANTARA PERMAU NO. 2 RT 006/008, PUDAKPAYU', '081904366873', '18 Bulan', '2017-05-27', '2017-07-17', '2017-07-20', 333400, 146600, 6000, 486000, 0, '0000-00-00 00:00:00', '0', '0', 'ST_JADWAL', '0000-00-00 00:00:00', '-', '-'),
	(26, 3, 'ASBA', 'ASBA.DEW.004', '01.1020101.003350', '9', '010315.003494', 'RATNA DWI INDHRYANINGRUM', 'PERUM P4A JL SEUDATI V BLOK B NO.8 RT 02/011, PUDA', '0', '24 Bulan', '2017-05-27', '2017-07-17', '2017-07-20', 177800, 58900, 6000, 242700, 0, '0000-00-00 00:00:00', '0', '0', 'ST_JADWAL', '0000-00-00 00:00:00', '-', '-'),
	(27, 3, 'ASBA', 'ASBA.DEW.004', '01.1020301.001806', '10', '010315.003494', 'RATNA DWI INDHRYANINGRUM', 'PERUM P4A JL SEUDATI V BLOK B NO.8 RT 02/011, PUDA', '0', '6 Bulan', '2017-03-27', '2017-07-17', '2017-07-20', 44500, 0, 6000, 50500, 0, '0000-00-00 00:00:00', '0', '0', 'ST_JADWAL', '0000-00-00 00:00:00', '-', '-'),
	(28, 4, 'ASBA', 'ASBA.AND.001', '01.1020101.002914', '8', '010312.002429', 'BUDI ASTOMO', 'PUCUNG RT 001/008, PUDAKPAYUNG, BANYUMANIK', '085640200263', '6 Bulan', '2016-05-18', '2017-07-18', '2017-07-21', 555600, 366800, 6000, 928400, 0, '0000-00-00 00:00:00', '0', '0', 'ST_JADWAL', '0000-00-00 00:00:00', '-', '-'),
	(29, 4, 'ASBA', 'ASBA.AND.001', '01.1020101.003092', '10', '010309.001342', 'SUGIYARTO', 'PUDAK PAYUNG RT 02 / VIII', '0', '36 Bulan', '2016-05-17', '2017-07-17', '2017-07-21', 250000, 55000, 8000, 313000, 0, '0000-00-00 00:00:00', '0', '0', 'ST_JADWAL', '0000-00-00 00:00:00', '-', '-'),
	(30, 4, 'ASBA', 'ASBA.AND.001', '01.1020101.003302', '9', '010309.000575', 'WAHYU NINGSIH', 'PUDAKPAYUNG BUMIREJO RT 04/06, -PUDAKPAYUNG, -BANY', '0', '12 Bulan', '2016-04-17', '2017-07-17', '2017-07-21', 416700, 183300, 8000, 608000, 0, '0000-00-00 00:00:00', '0', '0', 'ST_JADWAL', '0000-00-00 00:00:00', '-', '-'),
	(31, 4, 'ASBA', 'ASBA.AND.001', '01.1020101.003235', '12', '010315.003434', 'YUSI HARTINI', 'PUDAKPAYUNG NGASEM RT 07/05, PUDAKPAYUNG, BANYUMAN', '0', '30 Bulan', '2016-04-18', '2017-07-18', '2017-07-21', 145800, 64200, 6000, 216000, 216000, '2017-07-31 08:18:30', '-6.9911729', '110.3808737', 'ST_BAYAR', '2017-07-31 08:18:30', '-', 'uploads/report-ASBA.AND.001-da4837ae37.jpg'),
	(32, 4, 'ASBA', 'ASBA.DWI.003', '01.1020101.002916', '13', '010311.001874', 'TRI WARTIYAH', 'PUDAKPAYUNG RT 001/007, PUDAKPAYUNG, BANYUMANIK', '085865310474', '30 Bulan', '2016-05-16', '2017-07-16', '2017-07-21', 1375000, 55000, 10000, 1440000, 0, '0000-00-00 00:00:00', '0', '0', 'ST_JADWAL', '0000-00-00 00:00:00', '-', '-'),
	(33, 4, 'ASBA', 'ASBA.DWI.003', '01.1020101.003040', '15', '010310.000745', 'TRI RIPTIYAH', 'PUDAKPAYUNG RT 002/006, PUDAKPAYUNG, BANYUMANIK', '0', '6 Bulan', '2016-05-16', '2017-07-16', '2017-07-21', 150000, 27500, 10000, 187500, 0, '0000-00-00 00:00:00', '0', '0', 'ST_JADWAL', '0000-00-00 00:00:00', '-', '-'),
	(34, 5, 'TSC.10', 'TLZ.DON', '01.1020301.001792', '1', '010314.003227', 'ERYAWAN FEBRIYANTO', 'BANDARJO RT 002/005, BANDARJO, UNGARAN BARAT', '08982811712', '6 Bulan', '2017-01-01', '2017-08-01', '2017-08-04', 625000, 0, 8000, 633000, 0, '0000-00-00 00:00:00', '0', '0', 'ST_JADWAL', '0000-00-00 00:00:00', '-', '-'),
	(35, 5, 'TSC.10', 'TLZ.DON', '01.1020101.002759', '1', '010311.001922', 'CICILIA SUWARTI', 'BANDARJO UNGARAN RT 007/005, BANDARJO, UNGARAN BAR', '02470162571', '12 Bulan', '2017-02-02', '2017-08-02', '2017-08-04', 1111100, 688900, 6000, 1806000, 1000000, '2017-08-04 06:30:05', '-7.0718802', '110.4236369', 'ST_BAYAR_PARSIAL', '2017-08-04 06:30:05', 'Kekurangan dibayar minggu depan', 'uploads/report-TLZ.DON-d6ee0904d7.jpg'),
	(36, 5, 'TSC.10', 'TLZ.DON', '01.1020101.003142', '1', '010309.000256', 'KARMI', 'BUMIREJO RT 003/006, PUDAKPAYUNG, BANYUMANIK', '085878159806', '12Bulan', '2016-10-01', '2017-08-01', '2017-08-04', 1500000, 550000, 8000, 2058000, 0, '0000-00-00 00:00:00', '-7.0888853', '110.4251384', 'ST_TIDAK_BAYAR', '2017-08-04 06:03:34', '', 'uploads/report-TLZ.DON-c640f4aeb7.jpg'),
	(37, 5, 'TSC.10', 'TLZ.DON', '01.1020101.003399', '1', '010315.003540', 'MASITOH', 'BUMIREJO RT 04/06, PUDAKPAYUNG, BANYUMANIK', '08237009888', '6 Bulan', '2017-03-01', '2017-08-01', '2017-08-04', 166900, 55100, 4000, 226000, 226000, '2017-08-04 02:11:20', '-7.0941291', '110.4196039', 'ST_BAYAR', '2017-08-04 02:11:20', '-', 'uploads/report-TLZ.DON-cda0d1454a.jpg'),
	(38, 5, 'TSC.10', 'TLZ.HER', '01.1020101.003236', '1', '010309.000411', 'ZAENAB', 'CANDISARI RT 001/008, PUDAKPAYUNG, BANYUMANIK', '085727705368', '18 Bulan', '2016-12-02', '2017-08-02', '2017-08-04', 458400, 201600, 6000, 666000, 0, '0000-00-00 00:00:00', '0', '0', 'ST_JADWAL', '0000-00-00 00:00:00', '-', '-'),
	(39, 5, 'TSC.10', 'TLZ.HER', '01.1020101.003237', '1', '010310.000985', 'SURYANI', 'DSN KRASAK RT 05/03 ROWOSARI', '0', '24 Bulan', '2016-11-02', '2017-08-02', '2017-08-04', 333300, 36700, 6000, 376000, 0, '0000-00-00 00:00:00', '0', '0', 'ST_JADWAL', '0000-00-00 00:00:00', '-', '-'),
	(40, 5, 'TSC.10', 'TLZ.HER', '01.1020101.003309', '1', '010308.000047', 'WINARTI', 'GEDAWANG RT 001/005, GEDAWANG, BANYUMANIK', '085640843052', '6 Bulan', '2017-01-02', '2017-08-02', '2017-08-04', 278200, 91800, 8000, 378000, 0, '0000-00-00 00:00:00', '0', '0', 'ST_JADWAL', '0000-00-00 00:00:00', '-', '-'),
	(41, 5, 'TSC.10', 'TLZ.HER', '01.1020301.001473', '1', '010308.000098', 'SITI NOVI NURYANAH', 'GEDAWANG RT 005/005, GEDAWANG, BANYUMANIK', '085640192042', '6 Bulan', '2017-02-01', '2017-08-01', '2017-08-04', 51900, 0, 8000, 59900, 0, '0000-00-00 00:00:00', '0', '0', 'ST_JADWAL', '0000-00-00 00:00:00', '-', '-'),
	(42, 5, 'TSC.10', 'TLZ.AR', '01.1020101.003270', '1', '010309.001346', 'SULASNO', 'GENTAN RT 003/001, GENTAN, KRANGGAN', '085641512372', '12Bulan', '2016-10-01', '2017-08-01', '2017-08-04', 583400, 64100, 8000, 655500, 655500, '2017-08-04 02:48:50', '-7.0604886', '110.445773', 'ST_BAYAR', '2017-08-04 02:48:50', '-', 'uploads/report-TLZ.AR-0523e590e8.jpg'),
	(43, 5, 'TSC.10', 'TLZ.AR', '01.1020101.003139', '1', '010314.003180', 'MINTARSO', 'JL KEPODANG BARAT V BLOK C 94 RT 002/010, PUDAKPAY', '089681127380', '12Bulan', '2017-03-31', '2017-07-31', '2017-08-04', 694600, 458400, 8000, 1161000, 750000, '2017-08-04 02:58:55', '-7.0572171', '110.460724', 'ST_BAYAR_PARSIAL', '2017-08-04 02:58:55', '-', 'uploads/report-TLZ.AR-450193a341.jpg'),
	(44, 5, 'TSC.10', 'TLZ.AR', '01.1020101.003346', '1', '010313.002530', 'SAMIDI', 'JL KEPODANG VI C-89 RT 01/10, PUDAKPAYUNG, BANYUMA', '081229038232', '12Bulan', '0000-00-00', '2017-07-31', '2017-08-04', 125500, 27500, 10000, 163000, 0, '0000-00-00 00:00:00', '-7.0354467', '110.461547', 'ST_TIDAK_BAYAR', '2017-08-04 03:12:42', '-', 'uploads/report-TLZ.AR-5b9f780ed1.jpg'),
	(45, 5, 'TSC.10', 'TLZ.AR', '01.1020101.002634', '1', '010310.000777', 'ARYADIN OPPA', 'JL NGESREP TIMUR V/8 RT 001/003, SUMURBOTO, BANYUM', '081226866313', '6 Bulan', '2017-01-01', '2017-08-01', '2017-08-04', 104000, 46000, 6000, 156000, 0, '0000-00-00 00:00:00', '-7.019743', '110.4699658', 'ST_TIDAK_DITEMUKAN', '2017-08-04 03:27:11', '-', 'uploads/report-TLZ.AR-67132fa7eb.jpg'),
	(46, 6, 'TSC.10', 'TLZ.DON', '01.1020301.001761', '1', '010314.003008', 'ADITYA ROY SAPUTRA', 'JL. KEPODANG B 1/9 RT 001/012, PUDAKPAYUNG, BANYUM', '0', '12 Bulan', '2017-06-03', '2017-08-03', '2017-08-05', 291700, 0, 6000, 297700, 0, '0000-00-00 00:00:00', '-7.0941291', '110.4196039', 'ST_TIDAK_DITEMUKAN', '2017-08-05 12:00:07', '-', 'uploads/report-TLZ.DON-16a178c831.jpg'),
	(47, 6, 'TSC.10', 'TLZ.DON', '01.1020101.003143', '1', '010108.001459', 'NUR SODIQ', 'JL. KEPODANG BARAT I/C-8', '0', '12 Bulan', '2017-05-03', '2017-08-03', '2017-08-05', 684900, 125600, 4000, 814500, 0, '0000-00-00 00:00:00', '0', '0', 'ST_JADWAL', '0000-00-00 00:00:00', '-', '-'),
	(48, 6, 'TSC.10', 'TLZ.DON', '01.1020301.001697', '1', '010309.000197', 'AKHMAD SUBAKIR', 'JL. KEPODANG BARAT IV NO.28, -, -', '0247040652', '6 Bulan', '2017-04-02', '2017-08-02', '2017-08-05', 209300, 0, 4000, 213300, 213000, '2017-08-05 12:30:32', '-7.0845998', '110.4174925', 'ST_BAYAR_PARSIAL', '2017-08-05 12:30:32', 'Bayar semua', 'uploads/report-TLZ.DON-39d364b0e8.jpg'),
	(49, 6, 'TSC.10', 'TLZ.DON', '01.1020101.002964', '1', '010308.000067', 'SUMARDI', 'JL. KEPODANG RAYA A-82 RT01/14, -, -', '0', '6 Bulan', '2017-05-03', '2017-08-03', '2017-08-05', 166700, 91800, 6000, 264500, 264500, '2017-08-05 12:42:45', '-7.0732214', '110.4207975', 'ST_BAYAR', '2017-08-05 12:42:45', '-', 'uploads/report-TLZ.DON-eb9513c480.jpg'),
	(50, 6, 'TSC.10', 'TLZ.AR', '01.1020301.001668', '1', '010308.000167', 'SUMARDIYO', 'JL. KEPODANG RAYA A-89 RT01/14, -, -', '0', '12 Bulan', '2017-06-03', '2017-08-03', '2017-08-05', 266700, 0, 6000, 272700, 200000, '2017-08-05 05:45:17', '-7.0761402', '110.4173529', 'ST_BAYAR_PARSIAL', '2017-08-05 05:45:17', '-', 'uploads/report-TLZ.AR-27d6394edf.jpg'),
	(51, 6, 'TSC.10', 'TLZ.AR', '01.1020101.003234', '1', '010309.000317', 'DWI PURWANTO', 'JL. KEPODANG RAYA C-130 RT 01/10, PUDAKPAYUNG-, BA', '0', '12 Bulan', '2017-07-01', '2017-08-01', '2017-08-05', 200000, 36600, 8000, 244600, 0, '0000-00-00 00:00:00', '-7.0627488', '110.4361354', 'ST_TIDAK_BAYAR', '2017-08-05 06:00:57', '-blm punya uang..janji tgl 9 agst 17', 'uploads/report-TLZ.AR-a7b550788e.jpg'),
	(52, 6, 'TSC.10', 'TLZ.AR', '01.1020301.001769', '1', '010309.000426', 'BAMBANG DWI SUTADI', 'JL. KEPODANG SELATAN A-10, -, -', '085291577094', '12 Bulan', '2017-05-01', '2017-08-01', '2017-08-05', 250000, 0, 6000, 256000, 0, '0000-00-00 00:00:00', '-7.0186609', '110.4557466', 'ST_TIDAK_DITEMUKAN', '2017-08-05 06:27:48', '-', 'uploads/report-TLZ.AR-00a82dc3a3.jpg'),
	(53, 6, 'TSC.10', 'TLZ.AR', '01.1020301.001823', '1', '010309.000441', 'PARLAN', 'JL. KEPODANG SELATAN II A-36 RT 002/014, PUDAKPAYU', '02476485022', '12 Bulan', '2017-05-03', '2017-08-03', '2017-08-05', 166700, 0, 8000, 174700, 174700, '2017-08-05 06:41:41', '-7.0062532', '110.4390764', 'ST_BAYAR', '2017-08-05 06:41:41', '-', 'uploads/report-TLZ.AR-623be4ba31.jpg'),
	(54, 6, 'TSC.10', 'TLZ.HER', '01.1020301.001551', '1', '010308.000119', 'WAHYUNI', 'JL. KEPODANG TIMUR IV BLOK B-146 RT 006/008, PUDAK', '085640818588', '6 Bulan', '2017-04-03', '2017-08-03', '2017-08-05', 166600, 0, 4000, 170600, 0, '0000-00-00 00:00:00', '0', '0', 'ST_JADWAL', '0000-00-00 00:00:00', '-', '-'),
	(55, 6, 'TSC.10', 'TLZ.HER', '01.1020101.002581', '1', '010308.000129', 'WAHYUNINGSIH', 'JL. KEPODANG TIMUR IV BLOK D-146 RT 006/008, PUDAK', '085640818588', '12 Bulan', '2017-04-02', '2017-08-02', '2017-08-05', 500000, 110000, 4000, 614000, 0, '0000-00-00 00:00:00', '0', '0', 'ST_JADWAL', '0000-00-00 00:00:00', '-', '-'),
	(56, 7, 'TSC.10', 'TLZ.DON', '01.1020101.003277', '1', '010315.003666', 'NANIK SULASMI', 'JL.PARIKESIT RAYA NO 17 RT 08/02, BANYUMANIK, BANY', '081329277000', '12 Bulan', '2017-03-06', '2017-08-06', '2017-08-07', 208400, 91600, 6000, 306000, 306000, '2017-08-07 11:15:49', '-7.0876559', '110.4230434', 'ST_BAYAR', '2017-08-07 11:15:49', '-', 'uploads/report-TLZ.DON-8d76e72833.jpg'),
	(57, 7, 'TSC.10', 'TLZ.DON', '01.1020301.001805', '1', '010215.003736', 'PUTUT NUR WALIYANTO', 'JL.SANGGUNG RAYA RT 04/06, JATINGALEH, CANDISARI', '0', '12 Bulan', '2017-05-04', '2017-08-04', '2017-08-07', 166700, 0, 8000, 174700, 0, '0000-00-00 00:00:00', '0', '0', 'ST_JADWAL', '0000-00-00 00:00:00', '-', '-'),
	(58, 7, 'TSC.10', 'TLZ.DON', '01.1020301.001824', '2', '010312.002312', 'SUMARNO', 'KAPLING RT 008/012, PUDAKPAYUNG, BANYUMANIK', '085876593955', '12 Bulan', '2017-04-04', '2017-08-04', '2017-08-07', 250000, 0, 8000, 258000, 200000, '2017-08-08 02:03:27', '-7.0703848', '110.4215655', 'ST_BAYAR_PARSIAL', '2017-08-08 02:03:27', 'Coba sebagian status bayar', 'uploads/report-TLZ.DON-9015799f35.jpg'),
	(59, 7, 'TSC.10', 'TLZ.DON', '01.1020101.003191', '1', '010315.003565', 'BA\'DA SHOLIHUL HUDA', 'KARANGANYAR RT 002/001, BANYUMANIK, BANYUMANIK', '085727338065', '12 Bulan', '2017-03-04', '2017-08-05', '2017-08-07', 250000, 55000, 6000, 311000, 311000, '2017-08-07 12:26:02', '-7.0941262', '110.4197756', 'ST_BAYAR', '2017-08-07 12:26:02', '-', 'uploads/report-TLZ.DON-2bdff32f73.jpg'),
	(60, 7, 'TSC.10', 'TLZ.AR', '01.1020301.001804', '1', '010310.000622', 'NGATIYAH', 'KEPODANG BARAT II NO. 11, -, -', '0', '6 Bulan', '2017-02-04', '2017-08-05', '2017-08-07', 250000, 0, 6000, 256000, 256000, '2017-08-07 07:41:12', '-7.0747472', '110.4208906', 'ST_BAYAR', '2017-08-07 07:41:12', '-6', 'uploads/report-TLZ.AR-065b09bed1.jpg'),
	(61, 7, 'TSC.10', 'TLZ.AR', '01.1020101.003274', '2', '010314.003104', 'MARYUMI', 'NGASEM NO.23 RT 2/5, PUDAKPAYUNG, BANYUMANIK', '0', '12 Bulan', '2017-05-04', '2017-08-04', '2017-08-07', 250000, 82500, 8000, 340500, 340500, '2017-08-08 06:38:09', '-7.074765', '110.4209371', 'ST_BAYAR', '2017-08-08 06:38:09', 'ocre\n\n-', 'uploads/report-TLZ.AR-5e915426ca.jpg'),
	(62, 7, 'TSC.10', 'TLZ.AR', '01.1020101.003165', '2', '010311.001733', 'JUWARI', 'PERINTIS KEMERDEKAAN 179 RT 004/004, PUDAKPAYUNG,', '0247471815', '6 Bulan', '2017-04-05', '2017-08-05', '2017-08-07', 333200, 146800, 8000, 488000, 350000, '2017-08-08 07:10:36', '-7.0675093', '110.4183657', 'ST_BAYAR_PARSIAL', '2017-08-08 07:10:36', '-', 'uploads/report-TLZ.AR-7fd308829f.jpg'),
	(63, 7, 'TSC.10', 'TLZ.AR', '01.1020101.002817', '1', '010312.002164', 'R. ENDANG PUJI RAHAYU', 'PERUM KARTIKA ASRI D.III/NO.4 RT 002/015, PUDAKPAY', '087832984219', '6 Bulan', '2017-03-04', '2017-08-04', '2017-08-07', 291700, 128300, 8000, 428000, 300000, '2017-08-07 08:42:05', '-6.9712594', '110.4241257', 'ST_BAYAR_PARSIAL', '2017-08-07 08:42:05', '-', 'uploads/report-TLZ.AR-47a744813a.jpg'),
	(64, 7, 'TSC.10', 'TLZ.HER', '01.1020101.003004', '1', '010314.003157', 'TEDI SUSILO', 'PERUM MEGANTARA PERMAU NO. 2 RT 006/008, PUDAKPAYU', '081904366873', '18 Bulan', '2017-02-04', '2017-08-05', '2017-08-07', 333400, 146600, 6000, 486000, 0, '0000-00-00 00:00:00', '0', '0', 'ST_JADWAL', '0000-00-00 00:00:00', '-', '-'),
	(65, 7, 'TSC.10', 'TLZ.HER', '01.1020101.003350', '1', '010315.004494', 'RATNA DWI', 'PERUM P4A NO.8 RT 02/011, PUDA', '0', '24 Bulan', '2017-01-04', '2017-08-05', '2017-08-07', 177800, 58900, 6000, 242700, 0, '0000-00-00 00:00:00', '0', '0', 'ST_JADWAL', '0000-00-00 00:00:00', '-', '-'),
	(66, 7, 'TSC.10', 'TLZ.HER', '01.1020301.001806', '1', '010315.003494', 'RATNA DWI INDHRYANINGRUM', 'PERUM P4A JL SEUDATI V BLOK B NO.8 RT 02/011, PUDA', '0', '6 Bulan', '2017-04-04', '2017-08-04', '2017-08-07', 44500, 0, 6000, 50500, 0, '0000-00-00 00:00:00', '0', '0', 'ST_JADWAL', '0000-00-00 00:00:00', '-', '-'),
	(67, 8, 'TSC.10', 'TLZ.DON', '01.1020101.002898', '1', '010315.003329', 'MUJIYONO', 'KP NGREMBEL RT 001/007, GUNUNGPATI, GUNUNGPATI', '85385380741', '12 Bulan', '2017-04-07', '2017-08-07', '2017-08-09', 240000, 0, 6000, 246000, 246000, '2017-08-09 14:32:23', '-6.9813125', '110.4468813', 'ST_BAYAR', '2017-08-09 14:32:23', '-', 'uploads/report-TLZ.DON-e65162380d.jpg'),
	(68, 8, 'TSC.10', 'TLZ.DON', '01.1020101.002899', '1', '010311.001991', 'EDY SULISWANTO', 'SIKUNIR RT 003/007, BERGAS LOR, BERGAS', '085385380740', '10 Bulan', '2017-03-07', '2017-08-07', '2017-08-09', 500000, 0, 6000, 506000, 0, '0000-00-00 00:00:00', '0', '0', 'ST_JADWAL', '0000-00-00 00:00:00', '-', '-'),
	(69, 8, 'TSC.10', 'TLZ.DON', '01.1020101.002900', '2', '010314.003040', 'SRI TRISTINI MALIK', 'LINGKUNGAN GEMBONGAN RT 013/004, KARANGJATI, BERGA', '08164282457', '6 Bulan', '2017-05-08', '2017-08-08', '2017-08-09', 120000, 0, 6000, 126000, 0, '0000-00-00 00:00:00', '0', '0', 'ST_JADWAL', '0000-00-00 00:00:00', '-', '-'),
	(70, 8, 'TSC.10', 'TLZ.DON', '01.1020101.002901', '2', '010315.003331', 'SRI HANDAYANI', 'PUDAKPAYUNG SEWAN RT 004/004, PUDAKPAYUNG, BANYUMA', '087832115993', '18 Bulan', '2017-03-07', '2017-08-07', '2017-08-09', 144000, 0, 4000, 148000, 148000, '2017-08-09 14:33:08', '-6.9720607', '110.4414633', 'ST_BAYAR', '2017-08-09 18:33:08', '-', 'uploads/report-TLZ.DON-698631783e.jpg'),
	(71, 8, 'TSC.10', 'TLZ.AR', '01.1020101.002902', '1', '010315.003332', 'WELAS ASIH SUYANIK', 'PUDAKPAYUNG SEWAN RT 005/004, PUDAKPAYUNG, BANYUMA', '087700332904', '24 Bulan', '2017-04-07', '2017-08-07', '2017-08-09', 108000, 0, 4000, 112000, 0, '0000-00-00 00:00:00', '0', '0', 'ST_JADWAL', '0000-00-00 00:00:00', '-', '-'),
	(72, 8, 'TSC.10', 'TLZ.AR', '01.1020101.002903', '1', '010312.002104', 'KITRI LESTARI', 'SIROTO RT 002/007, PUDAKPAYUNG, BANYUMANIK', '085200610895', '12 Bulan', '2017-05-06', '2017-08-06', '2017-08-09', 600000, 60000, 4000, 664000, 0, '0000-00-00 00:00:00', '0', '0', 'ST_JADWAL', '0000-00-00 00:00:00', '-', '-'),
	(73, 8, 'TSC.10', 'TLZ.AR', '01.1020101.002904', '2', '010315.003334', 'ERI TRISTIANTO', 'PUDAKPAYUNG RT 001/006, PUDAKPAYUNG, BANYUMANIK', '85385380742', '12 Bulan', '2017-06-07', '2017-08-07', '2017-08-09', 360000, 36000, 4000, 400000, 400000, '2017-08-10 02:09:34', '-7.4698792', '110.560093', 'ST_BAYAR', '2017-08-10 02:09:34', '\n', 'uploads/report-TLZ.AR-7a7e7bd2e1.jpg'),
	(74, 8, 'TSC.10', 'TLZ.AR', '01.1020101.002905', '1', '010313.002629', 'MUSRIPAH', 'KARANGANYAR RT 04/01, BANYUMANIK, BANYUMANIK', '85385380743', '18 Bulan', '2017-04-06', '2017-08-06', '2017-08-09', 900000, 90000, 6000, 996000, 0, '0000-00-00 00:00:00', '0', '0', 'ST_JADWAL', '0000-00-00 00:00:00', '-', '-'),
	(75, 8, 'TSC.10', 'TLZ.HER', '01.1020301.001657', '1', '010312.002409', 'TRIYO BUDI UTOMO', 'JL .GRAHA PRASETYO II NO.B-33 RT 005/002, PEDALANG', '81642824572', '12 Bulan', '2017-07-07', '2017-08-07', '2017-08-09', 420000, 42000, 6000, 468000, 0, '0000-00-00 00:00:00', '0', '0', 'ST_JADWAL', '0000-00-00 00:00:00', '-', '-'),
	(76, 8, 'TSC.10', 'TLZ.HER', '01.1020101.002906', '1', '010315.003336', 'SITI AMINATININGSIH', 'PUDAKPAYUNG BUMIREJO RT 05/06, PUDAKPAYUNG, BANYUM', '87832115994', '12 Bulan', '2017-03-06', '2017-08-06', '2017-08-09', 180000, 18000, 4000, 202000, 0, '0000-00-00 00:00:00', '0', '0', 'ST_JADWAL', '0000-00-00 00:00:00', '-', '-'),
	(77, 8, 'TSC.10', 'TLZ.HER', '01.1020101.002907', '1', '010313.002721', 'ROYIUN', 'SUMBEREJO RT 03/06, SUMBEREJO, MRANGGEN', '87700332907', '24 Bulan', '2017-04-06', '2017-08-06', '2017-08-09', 360000, 36000, 4000, 400000, 0, '0000-00-00 00:00:00', '0', '0', 'ST_JADWAL', '0000-00-00 00:00:00', '-', '-'),
	(78, 8, 'TSC.10', 'TLZ.HER', '01.1020101.002908', '1', '010313.002591', 'INDAH SUPRIYANTI', 'PUDAKPAYUNG NGASEM RT 001/005, PUDAKPAYUNG, BANYUM', '085200610891', '10 Bulan', '2017-05-07', '2017-08-07', '2017-08-09', 150000, 15000, 4000, 169000, 0, '0000-00-00 00:00:00', '0', '0', 'ST_JADWAL', '0000-00-00 00:00:00', '-', '-'),
	(79, 9, 'TSC.10', 'TLZ.DON', '01.1020301.001654', '2', '010308.000040', 'GIYANTI', 'GEDAWANG RT 005/005, GEDAWANG, BANYUMANIK', '085225554866', '12 Bulan', '2017-04-09', '2017-08-09', '2017-08-11', 224960, 25000, 6000, 255960, 0, '0000-00-00 00:00:00', '-7.0845072', '110.4180165', 'ST_TIDAK_DITEMUKAN', '2017-08-11 11:28:22', '-', 'uploads/report-TLZ.DON-7994adacbf.jpg'),
	(80, 9, 'TSC.10', 'TLZ.DON', '01.1020101.002888', '2', '010311.001788', 'LASMI', 'PUDAKPAYUNG RT 003/004, PUDAKPAYUNG, BANYUMANIK', '081326075954', '24 Bulan', '2017-06-09', '2017-08-09', '2017-08-11', 211200, 24000, 4000, 239200, 239200, '2017-08-11 03:31:22', '-6.9886798', '110.4192614', 'ST_BAYAR', '2017-08-11 03:31:22', '-', 'uploads/report-TLZ.DON-ba5bff0f33.jpg'),
	(81, 9, 'TSC.10', 'TLZ.DON', '01.1020202.001056', '1', '010310.001408', 'NGATIYAH', 'JL KEPODANG BARAT II/11 RT 03/10, PUDAKPAYUNG_, BA', '081326043804', '12 Bulan', '2017-05-08', '2017-08-08', '2017-08-11', 264480, 30000, 4000, 298480, 0, '0000-00-00 00:00:00', '-7.0738941', '110.4204251', 'ST_TIDAK_BAYAR', '2017-08-11 11:33:21', 'Bayar minggu depan', 'uploads/report-TLZ.DON-e35e553d56.jpg'),
	(82, 9, 'TSC.10', 'TLZ.DON', '01.1020101.002889', '1', '010315.003325', 'WISNU TIMUR ARI BOWO', 'JL. KEPODANG TIMUR B/VI-205 RT 007/012, PUDAKPAYUN', '085290430777', '18 Bulan', '2017-07-08', '2017-08-08', '2017-08-11', 344480, 35000, 6000, 385480, 0, '0000-00-00 00:00:00', '0', '0', 'ST_JADWAL', '0000-00-00 00:00:00', '-', '-'),
	(83, 9, 'TSC.10', 'TLZ.AR', '01.1020101.002890', '2', '010312.002240', 'SUWARNO', 'BUMIREJO RT 003/006, PUDAKPAYUNG, BANYUMANIK', '081228089011', '12 Bulan', '2017-04-10', '2017-08-10', '2017-08-11', 324960, 35000, 6000, 365960, 365960, '2017-08-11 06:27:16', '-7.074765', '110.4209371', 'ST_BAYAR', '2017-08-11 06:27:16', '-', 'uploads/report-TLZ.AR-88d08de685.jpg'),
	(84, 9, 'TSC.10', 'TLZ.AR', '01.1020101.002891', '1', '010308.000083', 'SURADAL', 'PUDAKPAYUNG RT 005/006, PUDAKPAYUNG, BANYUMANIK', '081225198395', '12 Bulan', '2017-05-10', '2017-08-10', '2017-08-11', 328960, 35000, 4000, 367960, 0, '0000-00-00 00:00:00', '-7.0015894', '110.4159564', 'ST_TIDAK_BAYAR', '2017-08-11 06:55:43', '-', 'uploads/report-TLZ.AR-f791639fb3.jpg'),
	(85, 9, 'TSC.10', 'TLZ.AR', '01.1020101.002892', '1', '010314.003173', 'SUPRIYADI', 'PUDAKPAYUNG RT 004/003, PUDAKPAYUNG, BANYUMANIK', '081325131175', '24 Bulan', '2017-05-09', '2017-08-09', '2017-08-11', 184848, 24000, 4000, 212848, 0, '0000-00-00 00:00:00', '-6.9770044', '110.4207742', 'ST_TIDAK_DITEMUKAN', '2017-08-11 07:07:55', '-', 'uploads/report-TLZ.AR-e264dfc8c1.jpg'),
	(86, 9, 'TSC.10', 'TLZ.AR', '01.1020101.002893', '2', '010309.000158', 'SRI SUPRAPTO', 'PUDAKPAYUNG RT 004/006, PUDAKPAYUNG, BANYUMANIK', '085290521427', '10 Bulan', '2017-06-09', '2017-08-09', '2017-08-11', 132096, 15000, 4000, 151096, 151096, '2017-08-12 05:16:08', '-7.0775941', '110.4167307', 'ST_BAYAR', '2017-08-12 05:16:08', '-', 'uploads/report-TLZ.AR-5ca89cfde6.jpg'),
	(87, 9, 'TSC.10', 'TLZ.HER', '01.1020301.001656', '1', '010312.002172', 'SUSANTO', 'BUMIREJO RT 0005/0006, PUDAKPAYUNG, BANYUMANIK', '081228985114', '10 Bulan', '2017-05-08', '2017-08-08', '2017-08-11', 158400, 15000, 4000, 177400, 0, '0000-00-00 00:00:00', '0', '0', 'ST_JADWAL', '0000-00-00 00:00:00', '-', '-'),
	(88, 9, 'TSC.10', 'TLZ.HER', '01.1020101.002895', '2', '010309.000346', 'SUYITNO', 'KEBONBATUR RT 006/002, KEBONBATUR, MRANGGEN', '081325066186', '24 Bulan', '2017-03-10', '2017-08-10', '2017-08-11', 105648, 15000, 6000, 126648, 0, '0000-00-00 00:00:00', '0', '0', 'ST_JADWAL', '0000-00-00 00:00:00', '-', '-'),
	(89, 9, 'TSC.10', 'TLZ.HER', '01.1020101.002896', '1', '010315.003327', 'YUNI SUTANTI', 'TUGUREJO RT 005/003, TUGUREJO, TUGU', '081390872883', '12 Bulan', '2017-05-10', '2017-08-10', '2017-08-11', 292000, 30000, 4000, 326000, 0, '0000-00-00 00:00:00', '0', '0', 'ST_JADWAL', '0000-00-00 00:00:00', '-', '-'),
	(90, 9, 'TSC.10', 'TLZ.HER', '01.1020101.002897', '1', '010315.003328', 'SUPRIYONO', 'MUGAS 788 A RT 006/002, MUGASARI, SEMARANG SELATAN', '081325758724', '18 Bulan', '2017-04-10', '2017-08-10', '2017-08-11', 316800, 30000, 6000, 352800, 0, '0000-00-00 00:00:00', '0', '0', 'ST_JADWAL', '0000-00-00 00:00:00', '-', '-'),
	(91, 10, 'TSC.10', 'TLZ.DON', '01.1020301.001652', '1', '010312.002444', 'SRI WURYATI', 'PUDAKPAYUNG RT 006/004, PUDAKPAYUNG, BANYUMANIK', '085225874613', '12 Bulan', '2017-05-12', '2017-08-12', '2017-08-14', 225000, 11250, 6000, 242250, 0, '0000-00-00 00:00:00', '0', '0', 'ST_JADWAL', '0000-00-00 00:00:00', '-', '-'),
	(92, 10, 'TSC.10', 'TLZ.DON', '01.1020101.002879', '1', '010315.003319', 'DANANG GALIH PRASETYO', 'SUMURBOTO II RT 006/003, SUMURBOTO, BANYUMANIK', '085290616452', '24 Bulan', '2017-03-12', '2017-08-12', '2017-08-14', 105000, 5250, 4000, 114250, 0, '0000-00-00 00:00:00', '0', '0', 'ST_JADWAL', '0000-00-00 00:00:00', '-', '-'),
	(93, 10, 'TSC.10', 'TLZ.DON', '01.1020101.002880', '1', '010315.003320', 'WAHYUDI', 'DSN BLATER KIDUL RT 001/007, JIMBARAN, BANDUNGAN', '085290302979', '6 Bulan', '2017-05-11', '2017-08-11', '2017-08-14', 225000, 11250, 4000, 240250, 0, '0000-00-00 00:00:00', '0', '0', 'ST_JADWAL', '0000-00-00 00:00:00', '-', '-'),
	(94, 10, 'TSC.10', 'TLZ.DON', '01.1020101.002881', '1', '010309.000317', 'DWI PURWANTO', 'JL. KEPODANG RAYA C-130 RT 01/10, PUDAKPAYUNG-, BA', '085225029810', '10 Bulan', '2017-05-11', '2017-08-11', '2017-08-14', 250000, 12500, 6000, 268500, 0, '0000-00-00 00:00:00', '0', '0', 'ST_JADWAL', '0000-00-00 00:00:00', '-', '-'),
	(95, 10, 'TSC.10', 'TLZ.AR', '01.1020101.002882', '1', '010309.000177', 'SUTANTI', 'PUDAKSARI NO.26 RT 002/006, PUDAKPAYUNG, BANYUMANI', '085225280757', '18 Bulan', '2017-06-11', '2017-08-11', '2017-08-14', 300000, 15000, 6000, 321000, 321000, '2017-08-14 06:07:16', '-7.1381804', '110.4051205', 'ST_BAYAR', '2017-08-14 06:07:16', '-', 'uploads/report-TLZ.AR-ad86018e08.jpg'),
	(96, 10, 'TSC.10', 'TLZ.AR', '01.1020101.002883', '1', '010314.002976', 'ANNA ASTRIANI LESTARI', 'JL KALIPEPE III RT 4/1, PUDAKPAYUNG, BANYUMANIK', '085325113293', '10 Bulan', '2017-04-12', '2017-08-12', '2017-08-14', 300000, 15000, 4000, 319000, 300000, '2017-08-14 08:46:52', '-7.1522334', '110.4113333', 'ST_BAYAR_PARSIAL', '2017-08-14 08:46:52', '-', 'uploads/report-TLZ.AR-7c6ce386fa.jpg'),
	(97, 10, 'TSC.10', 'TLZ.AR', '01.1020101.002884', '1', '010312.002373', 'PUJI WIDOYO', 'PUDAK PAYUNG RT 07/04, PUDAK PAYUNG, BANYUMANIK', '085226492538', '12 Bulan', '2017-06-10', '2017-08-10', '2017-08-14', 340000, 17000, 4000, 361000, 0, '0000-00-00 00:00:00', '-7.0709598', '110.4236962', 'ST_TIDAK_BAYAR', '2017-08-14 09:10:37', '-', 'uploads/report-TLZ.AR-f9d4e0b03d.jpg'),
	(98, 10, 'TSC.10', 'TLZ.AR', '01.1020301.001653', '1', '010313.002620', 'FITRI LESTARI', 'PUDAKPAYUNG RT 02/06, PUDAKPAYUNG, BANYUMANIK', '085290404843', '10 Bulan', '2017-03-11', '2017-08-11', '2017-08-14', 450000, 22500, 4000, 476500, 450000, '2017-08-14 10:45:14', '-7.077556', '110.4167412', 'ST_BAYAR_PARSIAL', '2017-08-14 10:45:14', '-', 'uploads/report-TLZ.AR-90aa4afb59.jpg'),
	(99, 10, 'TSC.10', 'TLZ.HER', '01.1020101.002885', '1', '010313.002490', 'ANDAYANI,ST', 'JL KRUING BARAT DALAM I NO 99 RT 001/003, SRONDOL', '085226332664', '12 Bulan', '2017-02-11', '2017-08-11', '2017-08-14', 250000, 12500, 4000, 266500, 0, '0000-00-00 00:00:00', '0', '0', 'ST_JADWAL', '0000-00-00 00:00:00', '-', '-'),
	(100, 10, 'TSC.10', 'TLZ.HER', '01.1020101.002886', '1', '010313.002519', 'ESTIANING SARI', 'PUDAKPAYUNG RT 04/04, PUDAKPAYUNG, BANYUMANIK', '085225891414', '6 Bulan', '2017-03-12', '2017-08-12', '2017-08-14', 375000, 18750, 6000, 399750, 0, '0000-00-00 00:00:00', '0', '0', 'ST_JADWAL', '0000-00-00 00:00:00', '-', '-'),
	(101, 10, 'TSC.10', 'TLZ.HER', '01.1020402.000022', '1', '010314.002971', 'DWI NURUL SUSILANINGTYAS', 'DOPLANG RT 2/4, DOPLANG, PURWOREJO', '085290743548', '12 Bulan', '2017-04-12', '2017-08-12', '2017-08-14', 120000, 6000, 4000, 130000, 0, '0000-00-00 00:00:00', '0', '0', 'ST_JADWAL', '0000-00-00 00:00:00', '-', '-'),
	(102, 10, 'TSC.10', 'TLZ.HER', '01.1020101.002887', '1', '010314.002988', 'RICIK WASONO HADI', 'JONGGRING SALOKO IV/22 RT 006/012, KROBOKAN, SEMAR', '085225762340', '12 Bulan', '2017-04-12', '2017-08-12', '2017-08-14', 105000, 5250, 6000, 116250, 0, '0000-00-00 00:00:00', '0', '0', 'ST_JADWAL', '0000-00-00 00:00:00', '-', '-'),
	(103, 11, 'TSC.10', 'TLZ.DON', '01.1020101.002870', '2', '010314.003310', 'DHIVA OKTA ALFIAN', 'DSN KEBONAGUNG RT 002/002, KEBONAGUNG, SUMOWONO', '085225762340', '24 Bulan', '2016-01-13', '2017-08-13', '2017-08-15', 280000, 14000, 6000, 300000, 300000, '2017-08-16 10:14:01', '-7.0910766', '110.4138581', 'ST_BAYAR', '2017-08-16 10:14:01', '-', 'uploads/report-TLZ.DON-8fc56c8e02.jpg'),
	(104, 11, 'TSC.10', 'TLZ.DON', '01.1020101.002869', '2', '010311.001112', 'INDAH WAHYUNI', 'JL.NGASEM RAYA NO.4 RT 001/005, PUDAKPAYUNG, BANYU', '085226234039', '12 Bulan', '2017-02-13', '2017-08-13', '2017-08-15', 240000, 12000, 4000, 256000, 256000, '2017-08-16 10:17:33', '-7.0872437', '110.4166081', 'ST_BAYAR', '2017-08-16 10:17:33', '-', 'uploads/report-TLZ.DON-3b77c13faa.jpg'),
	(105, 11, 'TSC.10', 'TLZ.DON', '01.1020101.002872', '2', '010314.003126', 'WAHYU DWI CAHYANINGTYAS EKO PU', 'JL KALIPEPE RAYA RT 09/01, PUDAKPAYUNG, BAYUMANIK', '085226343694', '10 Bulan', '2017-01-12', '2017-08-12', '2017-08-15', 250000, 12500, 4000, 266500, 0, '0000-00-00 00:00:00', '0', '0', 'ST_JADWAL', '0000-00-00 00:00:00', '-', '-'),
	(106, 11, 'TSC.10', 'TLZ.DON', '01.1020202.001054', '1', '010108.001466', 'WAHYUNTO', 'JL.PUCUNG PUDAKPAYUNG RT 002/008, PUDAKPAYUNG, BAN', '085290745234', '12 Bulan', '2017-02-12', '2017-08-12', '2017-08-15', 155000, 7750, 6000, 168750, 0, '0000-00-00 00:00:00', '0', '0', 'ST_JADWAL', '0000-00-00 00:00:00', '-', '-'),
	(107, 11, 'TSC.10', 'TLZ.AR', '01.1020301.001651', '1', '010310.001427', 'THOMAS ANDIARTO', 'PUDAKPAYUNG RT 01 RW 07,SEMARANG', '085226113862', '18 Bulan', '2016-03-12', '2017-08-12', '2017-08-15', 212000, 10600, 6000, 228600, 228600, '2017-08-15 02:57:26', '-7.0221058', '110.4223336', 'ST_BAYAR', '2017-08-15 02:57:26', '-ii', 'uploads/report-TLZ.AR-464620ca9d.jpg'),
	(108, 11, 'TSC.10', 'TLZ.AR', '01.1020101.002873', '1', '010313.002608', 'HAERUTO', 'VILLA GEDAWANG PERMAI F3 RT 12/04, GEDAWANG, BANYU', '085225453225', '12 Bulan', '2017-02-12', '2017-08-12', '2017-08-15', 220400, 11020, 4000, 235420, 200000, '2017-08-15 12:35:17', '-7.0775588', '110.4167477', 'ST_BAYAR_PARSIAL', '2017-08-15 12:35:17', '-', 'uploads/report-TLZ.AR-ac93533372.jpg'),
	(109, 11, 'TSC.10', 'TLZ.AR', '01.1020202.001055', '1', '010312.002062', 'SOEDARYO DONO SUMARTO', 'JL PUDAKSARI NO.26 RT 002/006, PUDAKPAYUNG, BANYUM', '085225217581', '6 Bulan', '2017-01-13', '2017-08-13', '2017-08-15', 210000, 10500, 4000, 224500, 0, '0000-00-00 00:00:00', '0', '0', 'ST_JADWAL', '0000-00-00 00:00:00', '-', '-'),
	(110, 11, 'TSC.10', 'TLZ.AR', '01.1020101.002874', '1', '010315.003313', 'PRAMONO', 'PUSKOPKAR BLOK C-90 RT 002/010, PUDAKPAYUNG, BANYU', '085225265959', '6 Bulan', '2017-02-13', '2017-08-13', '2017-08-15', 180000, 9000, 4000, 193000, 0, '0000-00-00 00:00:00', '0', '0', 'ST_JADWAL', '0000-00-00 00:00:00', '-', '-'),
	(111, 11, 'TSC.10', 'TLZ.HER', '01.1020101.002875', '1', '010311.001077', 'NUGRAHENI PEBRIHASTUTI', 'VILLA PAYUNG INDAH A-45 RT 00600/005, PUDAKPAYUNG,', '085290948940', '12 Bulan', '2017-01-12', '2017-08-12', '2017-08-15', 140800, 7040, 4000, 151840, 0, '0000-00-00 00:00:00', '0', '0', 'ST_JADWAL', '0000-00-00 00:00:00', '-', '-'),
	(112, 11, 'TSC.10', 'TLZ.HER', '01.1020101.002876', '2', '010212.002368', 'BAROKAH', 'PUDAK PAYUNG NGASEM RT 03/05, PUDAK PAYUNG, BANYUM', '085290744520', '6 Bulan', '2017-03-13', '2017-08-13', '2017-08-15', 260000, 13000, 6000, 279000, 0, '0000-00-00 00:00:00', '0', '0', 'ST_JADWAL', '0000-00-00 00:00:00', '-', '-'),
	(113, 11, 'TSC.10', 'TLZ.HER', '01.1020101.002877', '2', '010313.002776', 'ENDANG SRI SUDARNIK,ST', 'DSN TAWANG SARI RT 04/08, PAYUNGAN, KALIWUNGU', '085225414145', '6 Bulan', '2017-02-11', '2017-08-11', '2017-08-15', 140000, 7000, 4000, 151000, 0, '0000-00-00 00:00:00', '0', '0', 'ST_JADWAL', '0000-00-00 00:00:00', '-', '-'),
	(114, 11, 'TSC.10', 'TLZ.HER', '01.1020101.002878', '1', '010314.003083', 'SRIYANTO', 'PUDAKPAYUNG RT 7/4, PUDAKPAYUNG, BANYUMANIK', '085290833115', '10 Bulan', '2017-01-11', '2017-08-11', '2017-08-15', 366000, 18300, 6000, 390300, 0, '0000-00-00 00:00:00', '0', '0', 'ST_JADWAL', '0000-00-00 00:00:00', '-', '-'),
	(115, 12, 'TSC.10', 'TLZ.DON', '01.1020101.002863', '1', '010312.002435', 'HERI SUSILO', 'PUDAKPAYUNG RT 06/09, PUDAKPAYUNG, BANYUMANIK', '081326134965', '12 Bulan', '2017-01-14', '2017-08-14', '2017-08-16', 132600, 6630, 6000, 145230, 0, '0000-00-00 00:00:00', '0', '0', 'ST_JADWAL', '0000-00-00 00:00:00', '-', '-'),
	(116, 12, 'TSC.10', 'TLZ.DON', '01.1020101.002864', '2', '010309.000323', 'RAHAYU KUMALAWATI, S.PD', 'PUDAKPAYUNG RT 04/06, -PUDAKPAYUNG, BANYUMANIK-', '085290994308', '12 Bulan', '2017-02-14', '2017-08-14', '2017-08-16', 132000, 6600, 4000, 142600, 0, '0000-00-00 00:00:00', '0', '0', 'ST_JADWAL', '0000-00-00 00:00:00', '-', '-'),
	(117, 12, 'TSC.10', 'TLZ.DON', '01.1020301.001648', '1', '010313.002490', 'ANDAYANI,ST', 'JL KRUING BARAT DALAM I NO 99 RT 001/003, SRONDOL', '085226481833', '12 Bulan', '2017-02-13', '2017-08-13', '2017-08-16', 280000, 14000, 4000, 298000, 298000, '2017-08-16 10:23:51', '-7.0939673', '110.4234503', 'ST_BAYAR', '2017-08-16 10:23:51', '-', 'uploads/report-TLZ.DON-92bc7cc33b.jpg'),
	(118, 12, 'TSC.10', 'TLZ.AR', '01.1020101.002865', '1', '010310.000720', 'KISWANTO', 'JL. BANTENG RT 002/003, JANGKLI, TEMBALANG', '085290789285', '12 Bulan', '2017-01-13', '2017-08-13', '2017-08-16', 204800, 10240, 4000, 219040, 200000, '2017-08-16 09:22:27', '-6.9938858', '110.4025621', 'ST_BAYAR_PARSIAL', '2017-08-16 09:22:27', '-', 'uploads/report-TLZ.AR-11c21768c8.jpg'),
	(119, 12, 'TSC.10', 'TLZ.AR', '01.1020101.002866', '1', '010313.002584', 'SUPRIYANTI', 'JL KEPODANG BARAT IV C-44 RT 03/10, PUDAKPAYUNG, B', '085225292228', '10 Bulan', '2017-03-14', '2017-08-14', '2017-08-16', 366000, 18300, 4000, 388300, 388300, '2017-08-16 09:43:37', '-7.0032157', '110.3954002', 'ST_BAYAR', '2017-08-16 09:43:37', '-', 'uploads/report-TLZ.AR-88ab6c45bb.jpg'),
	(120, 12, 'TSC.10', 'TLZ.AR', '01.1020101.002867', '1', '010314.003038', 'SUNDARI', 'PUDAKPAYUNG SETUK RT 007/004, PUDAKPAYUNG, BANYUMA', '085290041125', '10 Bulan', '2017-01-14', '2017-08-14', '2017-08-16', 360000, 18000, 4000, 382000, 0, '0000-00-00 00:00:00', '-7.0776687', '110.4167361', 'ST_TIDAK_BAYAR', '2017-08-16 11:30:09', '-', 'uploads/report-TLZ.AR-108f90c63a.jpg'),
	(121, 12, 'TSC.10', 'TLZ.HER', '01.1020301.001649', '2', '010314.003287', 'DJUMERI', 'PEDALANGAN RT 002/004, PEDALANGAN, BANYUMANIK', '081325088173', '12 Bulan', '2017-01-13', '2017-08-13', '2017-08-16', 139600, 6980, 6000, 152580, 0, '0000-00-00 00:00:00', '0', '0', 'ST_JADWAL', '0000-00-00 00:00:00', '-', '-'),
	(122, 12, 'TSC.10', 'TLZ.HER', '01.1020301.001650', '2', '010314.003288', 'NUR WIDIYANI', 'PUDAKPAYUNG BUMIREJO RT 009/006, PUDAKPAYUNG, BANY', '085325039058', '12 Bulan', '2017-02-13', '2017-08-13', '2017-08-16', 340000, 17000, 4000, 361000, 0, '0000-00-00 00:00:00', '0', '0', 'ST_JADWAL', '0000-00-00 00:00:00', '-', '-'),
	(123, 12, 'TSC.10', 'TLZ.HER', '01.1020101.002868', '1', '010314.003308', 'WANDI', 'PUDAKPAYUNG RT 002/006, PUDAKPAYUNG, BANYUMANIK', '081225580282', '12 Bulan', '2017-02-12', '2017-08-12', '2017-08-16', 264480, 13224, 6000, 283704, 0, '0000-00-00 00:00:00', '0', '0', 'ST_JADWAL', '0000-00-00 00:00:00', '-', '-'),
	(124, 13, 'TSC.10', 'TLZ.DON', '01.1020101.002854', '1', '010313.002875', 'MUCHAMAD RIFAI', 'SITUK PUDAKPAYUNG RT 02/04, PUDAKPAYUNG, BANYUMANI', '081326617117', '12 Bulan', '2017-03-15', '2017-08-15', '2017-08-18', 110000, 5500, 6000, 121500, 121500, '2017-08-18 01:42:58', '-7.1079998', '110.4121306', 'ST_BAYAR', '2017-08-18 01:42:58', '-', 'uploads/report-TLZ.DON-4408ce044f.jpg'),
	(125, 13, 'TSC.10', 'TLZ.DON', '01.1020101.002855', '1', '010310.000684', 'CATUR TRI MAENI', 'PUDAKPAYUNG BUMIREJO RT 004/006, PUDAKPAYUNG, BANY', '085226356538', '12 Bulan', '2017-04-16', '2017-08-16', '2017-08-18', 176000, 8800, 6000, 190800, 0, '0000-00-00 00:00:00', '0', '0', 'ST_JADWAL', '0000-00-00 00:00:00', '-', '-'),
	(126, 13, 'TSC.10', 'TLZ.DON', '01.1020101.002856', '1', '010313.002853', 'IBNU JARIR', 'KARANGSARI RT 07/01, PADANG, TANGGUNGHARJO', '081326386851', '12 Bulan', '2017-02-15', '2017-08-15', '2017-08-18', 202800, 10140, 6000, 218940, 218940, '2017-08-18 01:59:01', '-7.1245828', '110.4038964', 'ST_BAYAR', '2017-08-18 01:59:01', '-', 'uploads/report-TLZ.DON-a7e283cdb5.jpg'),
	(127, 13, 'TSC.10', 'TLZ.AR', '01.1020101.002857', '1', '010310.000866', 'DARWONO', 'CANDIREJO RT 03 RW 03 UNGARAN', '085225499662', '12 Bulan', '2017-03-15', '2017-08-15', '2017-08-18', 660400, 33020, 6000, 699420, 600000, '2017-08-18 01:21:24', '-7.0775599', '110.4167245', 'ST_BAYAR_PARSIAL', '2017-08-18 01:21:24', '-', 'uploads/report-TLZ.AR-4e22d05e7f.jpg'),
	(128, 13, 'TSC.10', 'TLZ.AR', '01.1020101.002858', '1', '010314.003133', 'NUR ALFIDAYANTI', 'MEGA PERMATA INDAH RT 14/06, PUDAKPAYUNG, BANYUMAN', '081225743963', '12 Bulan', '2017-02-14', '2017-08-14', '2017-08-18', 250000, 12500, 6000, 268500, 268500, '2017-08-18 02:22:54', '-7.1245322', '110.4038797', 'ST_BAYAR', '2017-08-18 02:22:54', '-', 'uploads/report-TLZ.AR-bfade2bd90.jpg'),
	(129, 13, 'TSC.10', 'TLZ.AR', '01.1020101.002859', '1', '010314.003282', 'TEGUH DINI SULISTYO', 'PUDAKPAYUNG RT 002/006, PUDAKPAYUNG, BANYUMANIK', '085225044520', '12 Bulan', '2017-04-15', '2017-08-15', '2017-08-18', 198000, 9900, 6000, 213900, 213900, '2017-08-18 06:05:04', '-6.9842005', '110.3851124', 'ST_BAYAR', '2017-08-18 06:05:04', '-', 'uploads/report-TLZ.AR-b344b8362a.jpg'),
	(130, 13, 'TSC.10', 'TLZ.HER', '01.1020101.002860', '2', '010314.003283', 'ISMAIL', 'JL. TUSAM RAYA RT 002/001, PEDALANGAN, BANYUMANIK', '085290962295', '12 Bulan', '2017-05-15', '2017-08-15', '2017-08-18', 352000, 17600, 6000, 375600, 0, '0000-00-00 00:00:00', '0', '0', 'ST_JADWAL', '0000-00-00 00:00:00', '-', '-'),
	(131, 13, 'TSC.10', 'TLZ.HER', '01.1020101.002861', '2', '010314.003084', 'WIDODO', 'KEPODANG BARAT C-76 RT 2/10, PUDAKPAYUNG, BANYUMAN', '085290798647', '12 Bulan', '2017-02-14', '2017-08-14', '2017-08-18', 132080, 6604, 6000, 144684, 0, '0000-00-00 00:00:00', '0', '0', 'ST_JADWAL', '0000-00-00 00:00:00', '-', '-'),
	(132, 13, 'TSC.10', 'TLZ.HER', '01.1020101.002862', '1', '010313.002532', 'JOKO SEDYONO', 'PUDAKPAYUNG SITUK RT 03/04, PUDAKPAYUNG, BANYUMANI', '081325363410', '12 Bulan', '2017-03-14', '2017-08-14', '2017-08-18', 100000, 5000, 6000, 111000, 0, '0000-00-00 00:00:00', '0', '0', 'ST_JADWAL', '0000-00-00 00:00:00', '-', '-'),
	(133, 14, 'TSC.10', 'TLZ.DON', '01.1020101.002758', '1', '010313.002561', 'JANI HARIYANTO', 'KARANGGAWANG RT 001/001, MLUWEH, UNGARAN TIMUR', '081326435395', '18 Bulan', '2017-03-19', '2017-08-19', '2017-08-22', 525000, 42000, 6000, 573000, 573000, '2017-08-22 10:16:21', '-7.0702259', '110.4215655', 'ST_BAYAR', '2017-08-22 10:16:21', '-', 'uploads/report-TLZ.DON-f252ba7a9e.jpg'),
	(134, 14, 'TSC.10', 'TLZ.DON', '01.1020101.002759', '1', '010311.001922', 'CICILIA SUWARTI', 'BANDARJO UNGARAN RT 007/005, BANDARJO, UNGARAN BAR', '081326244534', '12 Bulan', '2017-04-20', '2017-08-20', '2017-08-22', 260000, 20800, 4000, 284800, 284800, '2017-08-22 10:28:16', '-7.0912998', '110.4229317', 'ST_BAYAR', '2017-08-22 10:28:16', '-', 'uploads/report-TLZ.DON-57710b178f.jpg'),
	(135, 14, 'TSC.10', 'TLZ.DON', '01.1020101.002760', '1', '010314.003201', 'EKO FITRI ATMOKO', 'PUDAKPAYUNG SITUK RT 003/004, PUDAKPAYUNG, BANYUMA', '08122917436', '24 Bulan', '2017-05-19', '2017-08-19', '2017-08-22', 75000, 6000, 6000, 87000, 0, '0000-00-00 00:00:00', '0', '0', 'ST_JADWAL', '0000-00-00 00:00:00', '-', '-'),
	(136, 14, 'TSC.10', 'TLZ.AR', '01.1020101.002761', '1', '010308.001227', 'ARIEF SUMARSONO', 'JL. KEPODANG SELATAN III/A-87 RT 001/014, PUDAKPAY', '081225455311', '12 Bulan', '2017-04-20', '2017-08-20', '2017-08-22', 97500, 7800, 4000, 109300, 109300, '2017-08-22 02:33:24', '-7.0775548', '110.4167412', 'ST_BAYAR', '2017-08-22 02:33:24', '-', 'uploads/report-TLZ.AR-2e259de276.jpg'),
	(137, 14, 'TSC.10', 'TLZ.AR', '01.1020101.002762', '1', '010313.002732', 'HERU NUGROHO APRIANTO', 'BENDOSARI RT 05/05, KUMPULREJO, ARGOMULYO', '081326543709', '24 Bulan', '2017-03-19', '2017-08-19', '2017-08-22', 310000, 24800, 6000, 340800, 300000, '2017-08-22 03:17:23', '-7.0380965', '110.4251678', 'ST_BAYAR_PARSIAL', '2017-08-22 03:17:23', '-', 'uploads/report-TLZ.AR-63ee7e49a9.jpg'),
	(138, 14, 'TSC.10', 'TLZ.AR', '01.1020301.001616', '1', '010309.001597', 'WINARTI', 'GEDAWANG RT 001/005, GEDAWANG, BANYUMANIK', '081225598090', '12 Bulan', '2017-02-20', '2017-08-20', '2017-08-22', 312000, 24960, 4000, 340960, 340960, '2017-08-22 03:51:45', '-7.0747718', '110.4209433', 'ST_BAYAR', '2017-08-22 03:51:45', '-', 'uploads/report-TLZ.AR-f8d5bf9ed8.png'),
	(139, 14, 'TSC.10', 'TLZ.HER', '01.1020301.001617', '1', '010313.002490', 'ANDAYANI,ST', 'JL KRUING BARAT DALAM I NO 99 RT 001/003, SRONDOL', '085325097512', '12 Bulan', '2017-01-20', '2017-08-20', '2017-08-22', 350000, 28000, 4000, 382000, 0, '0000-00-00 00:00:00', '0', '0', 'ST_JADWAL', '0000-00-00 00:00:00', '-', '-'),
	(140, 14, 'TSC.10', 'TLZ.HER', '01.1020101.002763', '1', '010309.000365', 'SARWATI', 'PUDAKPAYUNG RT 08/06, PUDAKPAYUNG, BANYUMANIK', '081229116121', '24 Bulan', '2017-02-19', '2017-08-19', '2017-08-22', 150000, 12000, 6000, 168000, 0, '0000-00-00 00:00:00', '0', '0', 'ST_JADWAL', '0000-00-00 00:00:00', '-', '-'),
	(141, 14, 'TSC.10', 'TLZ.HER', '01.1020101.002764', '1', '010311.001984', 'SLAMET SUTOMO', 'DSN LEREP RT 006/002, LEREP, UNGARAN BARAT', '081229287666', '12 Bulan', '2017-03-19', '2017-08-19', '2017-08-22', 175000, 14000, 6000, 195000, 0, '0000-00-00 00:00:00', '0', '0', 'ST_JADWAL', '0000-00-00 00:00:00', '-', '-'),
	(142, 14, 'TSC.10', 'TLZ.DON', '01.1020101.002765', '1', '010314.003205', 'TOMMY WIDJAYA', 'GN JATI SELATAN III NO. 360 RT 009/002, WONOSARI,', '081390662767', '24 Bulan', '2017-02-20', '2017-08-20', '2017-08-23', 210200, 16816, 6000, 233016, 0, '0000-00-00 00:00:00', '0', '0', 'ST_JADWAL', '0000-00-00 00:00:00', '-', '-'),
	(143, 14, 'TSC.10', 'TLZ.DON', '01.1020101.002766', '1', '010310.000607', 'HARI ISWANTO', 'TAWANGAGLIK LOR RT 2/VI', '081325019040', '12 Bulan', '2017-04-21', '2017-08-21', '2017-08-23', 120000, 9600, 4000, 133600, 0, '0000-00-00 00:00:00', '0', '0', 'ST_JADWAL', '0000-00-00 00:00:00', '-', '-'),
	(144, 14, 'TSC.10', 'TLZ.DON', '01.1020301.001618', '1', '010309.000415', 'SUPADI', 'PERUM KOPKAR BLOK C RT 001/010, PUDAKPAYUNG, BANYU', '085225127253', '24 Bulan', '2017-05-20', '2017-08-20', '2017-08-23', 260000, 20800, 6000, 286800, 0, '0000-00-00 00:00:00', '0', '0', 'ST_JADWAL', '0000-00-00 00:00:00', '-', '-'),
	(145, 14, 'TSC.10', 'TLZ.AR', '01.1020301.001619', '1', '010314.003206', 'EDY NURYANTO', 'GEDAWANG RT 001/005, GEDAWANG, BANYUMANIK', '081325789910', '18 Bulan', '2017-03-20', '2017-08-20', '2017-08-23', 375000, 30000, 6000, 411000, 411000, '2017-08-23 04:13:09', '-7.0775588', '110.4167477', 'ST_BAYAR', '2017-08-23 04:13:09', '-', 'uploads/report-TLZ.AR-5d1939d5bf.jpg'),
	(146, 14, 'TSC.10', 'TLZ.AR', '01.1020101.002767', '1', '010313.002684', 'SUCI MURNI', 'PUDAKPAYUNG SETUK RT 006/004, PUDAKPAYUNG, BANYUMA', '081390424056', '12 Bulan', '2017-04-21', '2017-08-21', '2017-08-23', 190000, 15200, 4000, 209200, 200000, '2017-08-23 04:40:05', '-7.1242061', '110.4093913', 'ST_BAYAR_PARSIAL', '2017-08-23 04:40:05', '-', 'uploads/report-TLZ.AR-f49ad2bdfd.jpg'),
	(147, 14, 'TSC.10', 'TLZ.AR', '01.1020101.002768', '1', '010313.002519', 'ESTIANING SARI', 'PUDAKPAYUNG RT 04/04, PUDAKPAYUNG, BANYUMANIK', '081326091888', '24 Bulan', '2017-03-20', '2017-08-20', '2017-08-23', 230000, 18400, 6000, 254400, 0, '0000-00-00 00:00:00', '0', '0', 'ST_JADWAL', '0000-00-00 00:00:00', '-', '-'),
	(148, 14, 'TSC.10', 'TLZ.HER', '01.1020301.001620', '1', '010311.001189', 'RATIMAH', 'JL.NGASEM III NO.24.A RT 001/005, PUDAKPAYUNG, BAN', '085225999739', '12 Bulan', '2017-06-21', '2017-08-21', '2017-08-23', 345000, 27600, 4000, 376600, 0, '0000-00-00 00:00:00', '0', '0', 'ST_JADWAL', '0000-00-00 00:00:00', '-', '-'),
	(149, 14, 'TSC.10', 'TLZ.HER', '01.1020301.001621', '1', '010313.002840', 'SRIYANI', 'BERGAS KIDUL RT 05/02, BERGAS, BERGAS', '081325005836', '12 Bulan', '2017-05-21', '2017-08-21', '2017-08-23', 225000, 18000, 4000, 247000, 0, '0000-00-00 00:00:00', '0', '0', 'ST_JADWAL', '0000-00-00 00:00:00', '-', '-'),
	(150, 14, 'TSC.10', 'TLZ.HER', '01.1020301.001622', '1', '010311.001756', 'SUDARSONO', 'PADANG SARI RT 004/008, BANYUMANIK, BANYUMANIK', '081228926823', '24 Bulan', '2017-03-21', '2017-08-21', '2017-08-23', 175000, 14000, 4000, 193000, 0, '0000-00-00 00:00:00', '0', '0', 'ST_JADWAL', '0000-00-00 00:00:00', '-', '-'),
	(151, 14, 'TSC.10', 'TLZ.DON', '01.1020101.002769', '1', '010309.000331', 'H. CHAERUL ANWAR', 'PUNDUNG PUTIH RT.08/ III RT 08/03, GEDANG ANAK, UN', '085226473961', '18 Bulan', '2017-04-21', '2017-08-21', '2017-08-24', 150000, 12000, 6000, 168000, 0, '0000-00-00 00:00:00', '0', '0', 'ST_JADWAL', '0000-00-00 00:00:00', '-', '-'),
	(152, 14, 'TSC.10', 'TLZ.DON', '01.1020301.001623', '1', '010308.000148', 'RUSMANI', 'JL. KEPODANG BARAT IV/C-19 RT 003/010, PUDAKPAYUNG', '085290509260', '12 Bulan', '2017-05-22', '2017-08-22', '2017-08-24', 213500, 17080, 4000, 234580, 0, '0000-00-00 00:00:00', '0', '0', 'ST_JADWAL', '0000-00-00 00:00:00', '-', '-'),
	(153, 14, 'TSC.10', 'TLZ.DON', '01.1020101.002770', '1', '010309.000360', 'ENY RISTININGSIH', 'CANDIREJO RT 005/002, CANDIREJO, PRINGAPUS', '081229368211', '24 Bulan', '2017-04-22', '2017-08-22', '2017-08-24', 225000, 18000, 4000, 247000, 0, '0000-00-00 00:00:00', '0', '0', 'ST_JADWAL', '0000-00-00 00:00:00', '-', '-'),
	(154, 14, 'TSC.10', 'TLZ.AR', '01.1020101.002771', '1', '010210.001491', 'UMI KUSTIYATI', 'JL. KEPODANG TIMUR B-161 RT 06/12, PUDAKPAYUNG, BA', '085226109427', '12 Bulan', '2017-06-21', '2017-08-21', '2017-08-24', 152500, 12200, 6000, 170700, 170700, '2017-08-24 01:53:03', '-7.0775494', '110.4167361', 'ST_BAYAR', '2017-08-24 01:53:03', '-', 'uploads/report-TLZ.AR-1cf94649d7.jpg'),
	(155, 14, 'TSC.10', 'TLZ.AR', '01.1020301.001624', '1', '010308.000050', 'YULI SANTOSO', 'JL. KEPODANG RAYA B-51 RT 002/012, PUDAKPAYUNG, BA', '081229294834', '12 Bulan', '2017-02-22', '2017-08-22', '2017-08-24', 315000, 25200, 4000, 344200, 300000, '2017-08-24 02:57:03', '-7.01837', '110.418889', 'ST_BAYAR_PARSIAL', '2017-08-24 02:57:03', '-', 'uploads/report-TLZ.AR-a268bde33b.jpg'),
	(156, 14, 'TSC.10', 'TLZ.AR', '01.1020101.002772', '1', '010314.003209', 'MASRIAH', 'PUDAKPAYUNG RT 004/005, PUDAKPAYUNG, BANYUMANIK', '081390812115', '18 Bulan', '2017-01-22', '2017-08-22', '2017-08-24', 212000, 16960, 4000, 232960, 232960, '2017-08-24 03:06:27', '-7.0110956', '110.4166368', 'ST_BAYAR', '2017-08-24 03:06:27', '-', 'uploads/report-TLZ.AR-abfc33d443.jpg'),
	(157, 14, 'TSC.10', 'TLZ.HER', '01.1020101.002773', '1', '010314.003210', 'AGUS SUPRIYANTO', 'PUDAKPAYUNG RT 002/004, PUDAKPAYUNG, BANYUMANIK', '081326171368', '12 Bulan', '2017-04-20', '2017-08-20', '2017-08-24', 360000, 28800, 8000, 396800, 0, '0000-00-00 00:00:00', '0', '0', 'ST_JADWAL', '0000-00-00 00:00:00', '-', '-'),
	(158, 14, 'TSC.10', 'TLZ.HER', '01.1020101.002774', '1', '010310.000799', 'TITIN SUMARNI', 'JL. RENJANA RAYA NO.36 RT 001/011, PUDAKPAYUNG, BA', '081229225522', '12 Bulan', '2017-05-22', '2017-08-22', '2017-08-24', 275000, 22000, 4000, 301000, 0, '0000-00-00 00:00:00', '0', '0', 'ST_JADWAL', '0000-00-00 00:00:00', '-', '-'),
	(159, 14, 'TSC.10', 'TLZ.HER', '01.1020101.002775', '1', '010314.003217', 'TRIYONO', 'JL PRAMUKA NDAWUNG RT 001/002, PUDAKPAYUNG, BANYUM', '081325077752', '24 Bulan', '2017-03-22', '2017-08-22', '2017-08-24', 290000, 23200, 4000, 317200, 0, '0000-00-00 00:00:00', '0', '0', 'ST_JADWAL', '0000-00-00 00:00:00', '-', '-'),
	(160, 14, 'TSC.10', 'TLZ.DON', '01.1020301.001625', '1', '010314.003217', 'TRIYONO', 'JL PRAMUKA NDAWUNG RT 001/002, PUDAKPAYUNG, BANYUM', '085225991360', '12 Bulan', '2017-02-22', '2017-08-22', '2017-08-25', 312000, 24960, 6000, 342960, 342960, '2017-08-25 11:17:00', '-7.0918511', '110.4198161', 'ST_BAYAR', '2017-08-25 11:17:00', '-', 'uploads/report-TLZ.DON-c882dbab6b.jpg'),
	(161, 14, 'TSC.10', 'TLZ.DON', '01.1020101.002776', '1', '010314.003221', 'SRIYATI', 'BEJI KRAJAN RT 003/002, BEJI, UNGARAN TIMUR', '085226222092', '24 Bulan', '2017-04-22', '2017-08-22', '2017-08-25', 233000, 18640, 6000, 257640, 0, '0000-00-00 00:00:00', '0', '0', 'ST_JADWAL', '0000-00-00 00:00:00', '-', '-'),
	(162, 14, 'TSC.10', 'TLZ.DON', '01.1020101.002777', '1', '010309.000200', 'SRI SURYANTHI', 'KEPODANG BARAT IV/47 RT 003/010, PUDAKPAYUNG, BANY', '085225115520', '12 Bulan', '2017-05-23', '2017-08-23', '2017-08-25', 330000, 26400, 4000, 360400, 0, '0000-00-00 00:00:00', '0', '0', 'ST_JADWAL', '0000-00-00 00:00:00', '-', '-'),
	(163, 14, 'TSC.10', 'TLZ.AR', '01.1020301.001626', '1', '010310.000766', 'ARI SUPRIYANTO', 'JL. KEPODANG BARAT IV/C 34 RT 003/010, PUDAKPAYUNG', '081326791756', '18 Bulan', '2017-04-23', '2017-08-23', '2017-08-25', 150000, 12000, 4000, 166000, 166000, '2017-08-25 04:15:51', '-7.0651399', '110.4149902', 'ST_BAYAR', '2017-08-25 04:15:51', '-', 'uploads/report-TLZ.AR-b7ba828e08.jpg'),
	(164, 14, 'TSC.10', 'TLZ.AR', '01.1020101.002778', '1', '010309.000416', 'JUWANTO', 'PUDAKPAYUNG RT 002/004, PUDAKPAYUNG, BANYUMANIK', '085226110542', '12 Bulan', '2017-04-23', '2017-08-23', '2017-08-25', 310000, 24800, 4000, 338800, 338800, '2017-08-25 04:28:47', '-7.0271386', '110.4184326', 'ST_BAYAR', '2017-08-25 04:28:47', '-', 'uploads/report-TLZ.AR-dd6892e9bf.jpg'),
	(165, 14, 'TSC.10', 'TLZ.AR', '01.1020101.002779', '1', '010309.000355', 'SUTARNO', 'JL. CONDROKUSUMO DALAM RT 012/003, BONGSARI, SEMAR', '081326745235', '24 Bulan', '2017-04-23', '2017-08-23', '2017-08-25', 150000, 12000, 4000, 166000, 166000, '2017-08-25 04:43:47', '-6.9863261', '110.4072101', 'ST_BAYAR', '2017-08-25 04:43:47', '-', 'uploads/report-TLZ.AR-d65a24d67c.jpg'),
	(166, 14, 'TSC.10', 'TLZ.HER', '01.1020101.002780', '1', '010312.002139', 'JOHANES', 'NGASEM RT 01/05, PUDAKPAYUNG, BANYUMANIK', '081325212419', '12 Bulan', '2017-03-22', '2017-08-22', '2017-08-25', 215000, 17200, 6000, 238200, 0, '0000-00-00 00:00:00', '0', '0', 'ST_JADWAL', '0000-00-00 00:00:00', '-', '-'),
	(167, 14, 'TSC.10', 'TLZ.HER', '01.1020301.001627', '1', '010312.002209', 'SUPARNO', 'PUDAKPAYUNG RT 008/006, PUDAKPAYUNG, BANYUMANIK', '081325265953', '12 Bulan', '2017-05-22', '2017-08-22', '2017-08-25', 315000, 25200, 6000, 346200, 0, '0000-00-00 00:00:00', '0', '0', 'ST_JADWAL', '0000-00-00 00:00:00', '-', '-'),
	(168, 14, 'TSC.10', 'TLZ.HER', '01.1020101.002781', '1', '010314.003207', 'TETI NOVIANINGRUM', 'JL. SATRIA RAYA NO. 93, PUDAKPAYUNG, BANYUMANIK', '081225541492', '24 Bulan', '2017-03-22', '2017-08-22', '2017-08-25', 210000, 16800, 6000, 232800, 0, '0000-00-00 00:00:00', '0', '0', 'ST_JADWAL', '0000-00-00 00:00:00', '-', '-'),
	(169, 14, 'TSC.10', 'TLZ.DON', '01.1020301.001628', '1', '010313.002752', 'MOHAMAD QORI ALFIAN', 'JL.KEPODANG TIMUR II B 84 RT 03/12, PUDAKPAYUNG, B', '085290075667', '12 Bulan', '2017-05-23', '2017-08-23', '2017-08-26', 475000, 38000, 6000, 519000, 519000, '2017-08-26 11:31:46', '-7.0708253', '110.4239456', 'ST_BAYAR', '2017-08-26 11:31:46', '-', 'uploads/report-TLZ.DON-48a3a274a2.jpg'),
	(170, 14, 'TSC.10', 'TLZ.DON', '01.1020101.002782', '1', '010310.000899', 'ASROFIAH', 'DONGKO RT 006/002, KEBON BATUR, MRANGGEN', '081325284256', '12 Bulan', '2017-05-24', '2017-08-24', '2017-08-26', 322500, 25800, 4000, 352300, 0, '0000-00-00 00:00:00', '0', '0', 'ST_JADWAL', '0000-00-00 00:00:00', '-', '-'),
	(171, 14, 'TSC.10', 'TLZ.DON', '01.1020101.002783', '1', '010310.000966', 'SAIFUL ANWAR', 'GEDAWANG RT 05/05, GEDAWANG, BANYUMANIK', '081325223517', '24 Bulan', '2017-05-24', '2017-08-24', '2017-08-26', 245000, 19600, 4000, 268600, 268600, '2017-08-26 11:45:07', '-7.0919575', '110.4197147', 'ST_BAYAR', '2017-08-26 11:45:07', '-', 'uploads/report-TLZ.DON-f444adae4b.jpg'),
	(172, 14, 'TSC.10', 'TLZ.AR', '01.1020301.001629', '1', '010314.002955', 'WRIHATMAYA, IR', 'JL. BENGAWAN G-118 PAYUNGMAS RT 006/010, PUDAKPAYU', '081326154768', '12 Bulan', '2017-04-24', '2017-08-24', '2017-08-26', 375000, 30000, 4000, 409000, 409000, '2017-08-26 03:17:14', '-7.0644161', '110.4164099', 'ST_BAYAR', '2017-08-26 03:17:14', '-', 'uploads/report-TLZ.AR-eb179de70b.jpg'),
	(173, 14, 'TSC.10', 'TLZ.AR', '01.1020101.002784', '1', '010314.003227', 'ERYAWAN FEBRIYANTO', 'BANDARJO RT 002/005, BANDARJO, UNGARAN BARAT', '081225199405', '18 Bulan', '2017-05-23', '2017-08-23', '2017-08-26', 245000, 19600, 6000, 270600, 270600, '2017-08-26 03:31:47', '-7.0051175', '110.453033', 'ST_BAYAR', '2017-08-26 03:31:47', '-', 'uploads/report-TLZ.AR-8dc1793fab.jpg'),
	(174, 14, 'TSC.10', 'TLZ.AR', '01.1020101.002785', '1', '010313.002800', 'MASKUN', 'JL.KEPODANG RAYA B-18 PUSKOPKAR RT 02/12, PUDAKPAY', '081326016292', '12 Bulan', '2017-03-24', '2017-08-24', '2017-08-26', 225000, 18000, 4000, 247000, 247000, '2017-08-26 03:39:43', '-7.0087088', '110.4597471', 'ST_BAYAR', '2017-08-26 03:39:43', '-', 'uploads/report-TLZ.AR-b0f7cac6d1.jpg'),
	(175, 14, 'TSC.10', 'TLZ.HER', '01.1020101.002786', '1', '010308.000090', 'JUMILAH', 'GROGOL RT 005/003, PUDAKPAYUNG, BANYUMANIK', '081225056101', '24 Bulan', '2017-04-23', '2017-08-23', '2017-08-26', 230000, 18400, 6000, 254400, 0, '0000-00-00 00:00:00', '0', '0', 'ST_JADWAL', '0000-00-00 00:00:00', '-', '-'),
	(176, 14, 'TSC.10', 'TLZ.HER', '01.1020101.002787', '1', '010311.001994', 'WAHYUNINGSIH', 'PUDAKPAYUNG RT 02/05, PUDAKPAYUNG, BANYUMANIK', '081326241889', '12 Bulan', '2017-03-24', '2017-08-24', '2017-08-26', 126000, 10080, 4000, 140080, 0, '0000-00-00 00:00:00', '0', '0', 'ST_JADWAL', '0000-00-00 00:00:00', '-', '-'),
	(177, 14, 'TSC.10', 'TLZ.HER', '01.1020101.002788', '1', '010311.001931', 'ENI MULYATUN', 'KRAJAN I RT 01/02, NGAMPELREJO, JOMBANG', '085290976528', '12 Bulan', '2017-04-23', '2017-08-23', '2017-08-26', 315000, 25200, 6000, 346200, 0, '0000-00-00 00:00:00', '0', '0', 'ST_JADWAL', '0000-00-00 00:00:00', '-', '-'),
	(178, 15, 'TSC.012IDA', 'ida.001', '01.1020101.002854', '1', '010313.002875', 'MUCHAMAD RIFAI', 'SITUK PUDAKPAYUNG RT 02/04, PUDAKPAYUNG, BANYUMANI', '081326617117', '12 Bulan', '2017-03-15', '2017-08-15', '2017-11-22', 110000, 5500, 6000, 121500, 0, '0000-00-00 00:00:00', '0', '0', 'ST_JADWAL', '0000-00-00 00:00:00', '-', '-'),
	(179, 15, 'TSC.012IDA', 'ida.001', '01.1020101.002855', '1', '010310.000684', 'CATUR TRI MAENI', 'PUDAKPAYUNG BUMIREJO RT 004/006, PUDAKPAYUNG, BANY', '085226356538', '12 Bulan', '2017-04-16', '2017-08-16', '2017-11-22', 176000, 8800, 6000, 190800, 0, '0000-00-00 00:00:00', '0', '0', 'ST_JADWAL', '0000-00-00 00:00:00', '-', '-'),
	(180, 15, 'TSC.012IDA', 'ida.001', '01.1020101.002856', '1', '010313.002853', 'IBNU JARIR', 'KARANGSARI RT 07/01, PADANG, TANGGUNGHARJO', '081326386851', '12 Bulan', '2017-02-15', '2017-08-15', '2017-11-22', 202800, 10140, 6000, 218940, 0, '0000-00-00 00:00:00', '0', '0', 'ST_JADWAL', '0000-00-00 00:00:00', '-', '-'),
	(181, 15, 'TSC.012IDA', 'ida.002', '01.1020101.002857', '1', '010310.000866', 'DARWONO', 'CANDIREJO RT 03 RW 03 UNGARAN', '085225499662', '12 Bulan', '2017-03-15', '2017-08-15', '2017-11-22', 660400, 33020, 6000, 699420, 300000, '2017-11-22 12:43:17', '-6.9818289', '110.4135714', 'ST_BAYAR_PARSIAL', '2017-11-22 12:43:17', '-', 'uploads/report-ida.002-48c99e5945.jpg'),
	(182, 15, 'TSC.012IDA', 'ida.002', '01.1020101.002858', '1', '010314.003133', 'NUR ALFIDAYANTI', 'MEGA PERMATA INDAH RT 14/06, PUDAKPAYUNG, BANYUMAN', '081225743963', '12 Bulan', '2017-02-14', '2017-08-14', '2017-11-22', 250000, 12500, 6000, 268500, 0, '0000-00-00 00:00:00', '0', '0', 'ST_JADWAL', '0000-00-00 00:00:00', '-', '-'),
	(183, 15, 'TSC.012IDA', 'ida.002', '01.1020101.002859', '1', '010314.003282', 'TEGUH DINI SULISTYO', 'PUDAKPAYUNG RT 002/006, PUDAKPAYUNG, BANYUMANIK', '085225044520', '12 Bulan', '2017-04-15', '2017-08-15', '2017-11-22', 198000, 9900, 6000, 213900, 0, '0000-00-00 00:00:00', '0', '0', 'ST_JADWAL', '0000-00-00 00:00:00', '-', '-'),
	(184, 15, 'TSC.012IDA', 'ida.003', '01.1020101.002860', '2', '010314.003283', 'ISMAIL', 'JL. TUSAM RAYA RT 002/001, PEDALANGAN, BANYUMANIK', '085290962295', '12 Bulan', '2017-05-15', '2017-08-15', '2017-11-22', 352000, 17600, 6000, 375600, 10, '2017-11-23 13:23:49', '-7.0747061', '110.42097', 'ST_BAYAR_PARSIAL', '2017-11-23 13:23:49', '-', 'uploads/report-ida.003-d963c3ed53.jpg'),
	(185, 15, 'TSC.012IDA', 'ida.003', '01.1020101.002861', '2', '010314.003084', 'WIDODO', 'KEPODANG BARAT C-76 RT 2/10, PUDAKPAYUNG, BANYUMAN', '085290798647', '12 Bulan', '2017-02-14', '2017-08-14', '2017-11-22', 132080, 6604, 6000, 144684, 100, '2017-11-23 13:24:47', '-7.0746574', '110.4210005', 'ST_BAYAR_PARSIAL', '2017-11-23 13:24:47', '-', 'uploads/report-ida.003-5426c338c9.jpg'),
	(186, 15, 'TSC.012IDA', 'ida.003', '01.1020101.002862', '1', '010313.002532', 'JOKO SEDYONO', 'PUDAKPAYUNG SITUK RT 03/04, PUDAKPAYUNG, BANYUMANI', '081325363410', '12 Bulan', '2017-03-14', '2017-08-14', '2017-11-22', 100000, 5000, 6000, 111000, 0, '0000-00-00 00:00:00', '0', '0', 'ST_JADWAL', '0000-00-00 00:00:00', '-', '-'),
	(214, 25, 'TSC.012IDA', 'ida.001', '01.1020101.002854', '1', '010313.002875', 'MUCHAMAD RIFAI', 'SITUK PUDAKPAYUNG RT 02/04, PUDAKPAYUNG, BANYUMANI', '081326617117', '12 Bulan', '2017-03-15', '2017-08-15', '2017-11-27', 110000, 5500, 6000, 1, 1, '2017-11-27 15:31:53', '-7.0748616', '110.4209216', 'ST_BAYAR', '2017-11-27 15:31:53', '-', 'uploads/report-ida.001-7f1e75c079.jpg'),
	(215, 25, 'TSC.012IDA', 'ida.001', '01.1020101.002855', '1', '010310.000684', 'CATUR TRI MAENI', 'PUDAKPAYUNG BUMIREJO RT 004/006, PUDAKPAYUNG, BANY', '085226356538', '12 Bulan', '2017-04-16', '2017-08-16', '2017-11-27', 176000, 8800, 6000, 1, 1, '2017-11-27 15:35:09', '-7.0748608', '110.4209209', 'ST_BAYAR', '2017-11-27 15:35:09', '-', 'uploads/report-ida.001-53697f2a5e.jpg'),
	(216, 25, 'TSC.012IDA', 'ida.002', '01.1020101.002857', '1', '010310.000866', 'DARWONO', 'CANDIREJO RT 03 RW 03 UNGARAN', '085225499662', '12 Bulan', '2017-03-15', '2017-08-15', '2017-11-27', 660400, 33020, 6000, 1, 1, '2017-11-27 15:40:28', '-7.0748985', '110.4208895', 'ST_BAYAR', '2017-11-27 15:40:28', '-', 'uploads/report-ida.002-9d93caf708.jpg'),
	(217, 25, 'TSC.012IDA', 'ida.002', '01.1020101.002858', '1', '010314.003133', 'NUR ALFIDAYANTI', 'MEGA PERMATA INDAH RT 14/06, PUDAKPAYUNG, BANYUMAN', '081225743963', '12 Bulan', '2017-02-14', '2017-08-14', '2017-11-27', 250000, 12500, 6000, 1, 0, '0000-00-00 00:00:00', '0', '0', 'ST_JADWAL', '0000-00-00 00:00:00', '-', '-'),
	(218, 25, 'TSC.012IDA', 'ida.003', '01.1020101.002860', '2', '010314.003283', 'ISMAIL', 'JL. TUSAM RAYA RT 002/001, PEDALANGAN, BANYUMANIK', '085290962295', '12 Bulan', '2017-05-15', '2017-08-15', '2017-11-27', 352000, 17600, 6000, 1, 1, '2017-11-27 15:53:20', '-7.0746304', '110.4209151', 'ST_BAYAR', '2017-11-27 15:53:20', '-', 'uploads/report-ida.003-2b65dac8db.jpg'),
	(219, 25, 'TSC.012IDA', 'ida.003', '01.1020101.002861', '2', '010314.003084', 'WIDODO', 'KEPODANG BARAT C-76 RT 2/10, PUDAKPAYUNG, BANYUMAN', '085290798647', '12 Bulan', '2017-02-14', '2017-08-14', '2017-11-27', 132080, 6604, 6000, 1, 1, '2017-11-27 16:46:03', '-7.0746595', '110.4211882', 'ST_BAYAR', '2017-11-27 16:46:03', '-', 'uploads/report-ida.003-bd94733973.jpg'),
	(226, 29, 'TSC.10', 'TLZ.AR', '01.1020101.002854', '1', '010313.002875', 'herman', 'kampung hollywood', '081326617117', '12 Bulan', '2017-03-15', '2017-08-15', '2017-11-29', 110000, 5500, 6000, 1, 1, '2017-11-29 11:21:26', '-7.0746523', '110.4209687', 'ST_BAYAR', '2017-11-29 11:21:26', '-', 'uploads/report-ida.001-d5ecaac30a.png'),
	(227, 29, 'TSC.10', 'TLZ.AR', '01.1020101.002855', '1', '010310.000684', 'aldi timur', 'genuk,kaligawe', '085226356538', '12 Bulan', '2017-04-16', '2017-08-16', '2017-11-29', 176000, 8800, 6000, 1, 0, '0000-00-00 00:00:00', '0', '0', 'ST_JADWAL', '0000-00-00 00:00:00', '-', '-'),
	(228, 29, 'TSC.10', 'TLZ.AR', '01.1020101.002857', '1', '010310.000866', 'wawan', 'ngaliyan', '085225499662', '12 Bulan', '2017-03-15', '2017-08-15', '2017-11-29', 660400, 33020, 6000, 1, 1, '2017-11-29 11:20:10', '-7.0748564', '110.4209142', 'ST_BAYAR', '2017-11-29 11:20:10', '-', 'uploads/report-ida.002-3f941a09ab.png'),
	(229, 30, 'TSC.012IDA', 'ida.001', '01.1020101.002854', '1', '010313.002875', 'yanto', 'sampangan', '081326617117', '12 Bulan', '2017-03-15', '2017-08-15', '2017-11-29', 110000, 5500, 6000, 1, 1, '2017-11-29 17:01:33', '-6.9510914', '110.4834611', 'ST_BAYAR', '2017-11-29 17:01:33', '-', 'uploads/report-ida.001-6213a0ef04.jpg'),
	(230, 30, 'TSC.012IDA', 'ida.001', '01.1020101.002855', '1', '010310.000684', 'budi', 'gajahmada', '085226356538', '12 Bulan', '2017-04-16', '2017-08-16', '2017-11-29', 176000, 8800, 6000, 1, 0, '0000-00-00 00:00:00', '0', '0', 'ST_JADWAL', '0000-00-00 00:00:00', '-', '-'),
	(231, 30, 'TSC.012IDA', 'ida.002', '01.1020101.002857', '1', '010310.000866', 'hendra', 'tlogosari', '085225499662', '12 Bulan', '2017-03-15', '2017-08-15', '2017-11-29', 660400, 33020, 6000, 1, 0, '0000-00-00 00:00:00', '0', '0', 'ST_JADWAL', '0000-00-00 00:00:00', '-', '-'),
	(232, 30, 'TSC.012IDA', 'ida.002', '01.1020101.002858', '1', '010314.003133', 'yunus', 'ketileng', '081225743963', '12 Bulan', '2017-02-14', '2017-08-14', '2017-11-29', 250000, 12500, 6000, 1, 0, '0000-00-00 00:00:00', '0', '0', 'ST_JADWAL', '0000-00-00 00:00:00', '-', '-'),
	(233, 30, 'TSC.012IDA', 'ida.003', '01.1020101.002860', '2', '010314.003283', 'wahyu', 'tembalang residence', '085290962295', '12 Bulan', '2017-05-15', '2017-08-15', '2017-11-29', 352000, 17600, 6000, 1, 1, '2017-11-29 18:49:19', '-7.0621033', '110.4172403', 'ST_BAYAR', '2017-11-29 18:49:19', '-', 'uploads/report-ida.003-8625d3d445.png'),
	(234, 30, 'TSC.012IDA', 'ida.003', '01.1020101.002861', '2', '010314.003084', 'rizal', 'mangkang', '085290798647', '12 Bulan', '2017-02-14', '2017-08-14', '2017-11-29', 132080, 6604, 6000, 1, 1, '2017-11-29 19:02:11', '-7.0775935', '110.4167095', 'ST_BAYAR', '2017-11-29 19:02:11', '-', 'uploads/report-ida.003-205d3a718c.png'),
	(265, 36, 'TSC.012IDA', 'ida.001', '01.1020101.002854', '1', '010313.002875', 'herman', 'genuk,kaligawe', '081326617117', '12 Bulan', '2017-03-15', '2017-08-15', '2017-11-30', 110000, 5500, 6000, 1, 0, '0000-00-00 00:00:00', '0', '0', 'ST_JADWAL', '0000-00-00 00:00:00', '-', '-'),
	(266, 36, 'TSC.012IDA', 'ida.001', '01.1020101.002855', '1', '010310.000684', 'aldi timur', 'kaligawe', '085226356538', '12 Bulan', '2017-04-16', '2017-08-16', '2017-11-30', 176000, 8800, 6000, 1, 0, '0000-00-00 00:00:00', '0', '0', 'ST_JADWAL', '0000-00-00 00:00:00', '-', '-'),
	(267, 36, 'TSC.012IDA', 'ida.002', '01.1020101.002857', '1', '010310.000866', 'amir', 'Tugu muda', '085225499662', '12 Bulan', '2017-03-15', '2017-08-15', '2017-11-30', 660400, 33020, 6000, 1, 1, '2017-11-30 18:10:39', '-6.9837079', '110.4100098', 'ST_BAYAR', '2017-11-30 18:10:39', '-', 'uploads/report-ida.002-3de2f49ef2.jpg'),
	(268, 36, 'TSC.012IDA', 'ida.002', '01.1020101.002858', '1', '010314.003133', 'ade', 'tumpang', '081225743963', '12 Bulan', '2017-02-14', '2017-08-14', '2017-11-30', 250000, 12500, 6000, 1, 0, '0000-00-00 00:00:00', '0', '0', 'ST_JADWAL', '0000-00-00 00:00:00', '-', '-'),
	(269, 36, 'TSC.012IDA', 'ida.003', '01.1020101.002860', '2', '010314.003283', 'agus', 'karang rejo asri, banyumanik', '085290962295', '12 Bulan', '2017-05-15', '2017-08-15', '2017-11-30', 352000, 17600, 6000, 1, 0, '0000-00-00 00:00:00', '0', '0', 'ST_JADWAL', '0000-00-00 00:00:00', '-', '-'),
	(270, 36, 'TSC.012IDA', 'ida.003', '01.1020101.002861', '2', '010314.003084', 'arif', 'tembalang residence', '085290798647', '12 Bulan', '2017-02-14', '2017-08-14', '2017-11-30', 132080, 6604, 6000, 1, 0, '0000-00-00 00:00:00', '0', '0', 'ST_JADWAL', '0000-00-00 00:00:00', '-', '-'),
	(271, 37, 'TSC.012IDA', 'ida.001', '01.1020101.002854', '1', '010313.002875', 'yanto', 'ketileng', '081326617117', '12 Bulan', '2017-03-15', '2017-08-15', '2017-12-02', 110000, 5500, 6000, 1, 0, '0000-00-00 00:00:00', '0', '0', 'ST_JADWAL', '0000-00-00 00:00:00', '-', '-'),
	(272, 37, 'TSC.012IDA', 'ida.001', '01.1020101.002855', '1', '010310.000684', 'budi', 'tlogosari', '085226356538', '12 Bulan', '2017-04-16', '2017-08-16', '2017-12-02', 176000, 8800, 6000, 1, 0, '0000-00-00 00:00:00', '0', '0', 'ST_JADWAL', '0000-00-00 00:00:00', '-', '-'),
	(273, 37, 'TSC.012IDA', 'ida.002', '01.1020101.002857', '1', '010310.000866', 'hendra', 'manyaran', '085225499662', '12 Bulan', '2017-03-15', '2017-08-15', '2017-12-02', 660400, 33020, 6000, 1, 0, '0000-00-00 00:00:00', '0', '0', 'ST_JADWAL', '0000-00-00 00:00:00', '-', '-'),
	(274, 37, 'TSC.012IDA', 'ida.002', '01.1020101.002858', '1', '010314.003133', 'yunus', 'sampangan', '081225743963', '12 Bulan', '2017-02-14', '2017-08-14', '2017-12-02', 250000, 12500, 6000, 1, 0, '0000-00-00 00:00:00', '0', '0', 'ST_JADWAL', '0000-00-00 00:00:00', '-', '-'),
	(275, 37, 'TSC.012IDA', 'ida.003', '01.1020101.002860', '2', '010314.003283', 'wahyu', 'tembalang residence', '085290962295', '12 Bulan', '2017-05-15', '2017-08-15', '2017-12-02', 352000, 17600, 6000, 1, 0, '0000-00-00 00:00:00', '0', '0', 'ST_JADWAL', '0000-00-00 00:00:00', '-', '-'),
	(276, 37, 'TSC.012IDA', 'ida.003', '01.1020101.002861', '2', '010314.003084', 'rizal', 'mangkang', '085290798647', '12 Bulan', '2017-02-14', '2017-08-14', '2017-12-02', 132080, 6604, 6000, 1, 0, '0000-00-00 00:00:00', '0', '0', 'ST_JADWAL', '0000-00-00 00:00:00', '-', '-'),
	(277, 38, 'TSC.012IDA', 'ida.001', '01.1020101.002854', '1', '010313.002875', 'yanto', 'ketileng', '081326617117', '12 Bulan', '2017-03-15', '2017-08-15', '2017-12-04', 110000, 5500, 6000, 1, 1, '2017-12-04 10:37:10', '-7.014127', '110.4720689', 'ST_BAYAR', '2017-12-04 10:37:10', '-', 'uploads/report-ida.001-df4767c606.jpg'),
	(278, 38, 'TSC.012IDA', 'ida.001', '01.1020101.002855', '1', '010310.000684', 'budi', 'tlogosari', '085226356538', '12 Bulan', '2017-04-16', '2017-08-16', '2017-12-04', 176000, 8800, 6000, 1, 0, '0000-00-00 00:00:00', '0', '0', 'ST_JADWAL', '0000-00-00 00:00:00', '-', '-'),
	(279, 38, 'TSC.012IDA', 'ida.002', '01.1020101.002857', '1', '010310.000866', 'hendra', 'manyaran', '085225499662', '12 Bulan', '2017-03-15', '2017-08-15', '2017-12-04', 660400, 33020, 6000, 1, 0, '0000-00-00 00:00:00', '0', '0', 'ST_JADWAL', '0000-00-00 00:00:00', '-', '-'),
	(280, 38, 'TSC.012IDA', 'ida.002', '01.1020101.002858', '1', '010314.003133', 'yunus', 'sampangan', '081225743963', '12 Bulan', '2017-02-14', '2017-08-14', '2017-12-04', 250000, 12500, 6000, 1, 0, '0000-00-00 00:00:00', '0', '0', 'ST_JADWAL', '0000-00-00 00:00:00', '-', '-'),
	(281, 38, 'TSC.012IDA', 'ida.003', '01.1020101.002860', '2', '010314.003283', 'wahyu', 'banyumanik', '085290962295', '12 Bulan', '2017-05-15', '2017-08-15', '2017-12-04', 352000, 17600, 6000, 1, 0, '0000-00-00 00:00:00', '0', '0', 'ST_JADWAL', '0000-00-00 00:00:00', '-', '-'),
	(282, 38, 'TSC.012IDA', 'ida.003', '01.1020101.002861', '2', '010314.003084', 'rizal', 'gombel', '085290798647', '12 Bulan', '2017-02-14', '2017-08-14', '2017-12-04', 132080, 6604, 6000, 1, 0, '0000-00-00 00:00:00', '0', '0', 'ST_JADWAL', '0000-00-00 00:00:00', '-', '-'),
	(283, 39, 'TSC.012IDA', 'ida.001', '01.1020101.002854', '1', '010313.002875', 'yanto', 'ketileng', '081326617117', '12 Bulan', '2017-03-15', '2017-08-15', '2017-12-05', 110000, 5500, 6000, 1, 0, '0000-00-00 00:00:00', '0', '0', 'ST_JADWAL', '0000-00-00 00:00:00', '-', '-'),
	(284, 39, 'TSC.012IDA', 'ida.001', '01.1020101.002855', '1', '010310.000684', 'budi', 'tlogosari', '085226356538', '12 Bulan', '2017-04-16', '2017-08-16', '2017-12-05', 176000, 8800, 6000, 1, 0, '0000-00-00 00:00:00', '0', '0', 'ST_JADWAL', '0000-00-00 00:00:00', '-', '-'),
	(285, 39, 'TSC.012IDA', 'ida.002', '01.1020101.002857', '1', '010310.000866', 'hendra', 'manyaran', '085225499662', '12 Bulan', '2017-03-15', '2017-08-15', '2017-12-05', 660400, 33020, 6000, 1, 0, '0000-00-00 00:00:00', '0', '0', 'ST_JADWAL', '0000-00-00 00:00:00', '-', '-'),
	(286, 39, 'TSC.012IDA', 'ida.002', '01.1020101.002858', '1', '010314.003133', 'yunus', 'sampangan', '081225743963', '12 Bulan', '2017-02-14', '2017-08-14', '2017-12-05', 250000, 12500, 6000, 1, 0, '0000-00-00 00:00:00', '0', '0', 'ST_JADWAL', '0000-00-00 00:00:00', '-', '-'),
	(287, 39, 'TSC.012IDA', 'ida.003', '01.1020101.002860', '2', '010314.003283', 'wahyu', 'banyumanik', '085290962295', '12 Bulan', '2017-05-15', '2017-08-15', '2017-12-05', 352000, 17600, 6000, 1, 0, '0000-00-00 00:00:00', '0', '0', 'ST_JADWAL', '0000-00-00 00:00:00', '-', '-'),
	(288, 39, 'TSC.012IDA', 'ida.003', '01.1020101.002861', '2', '010314.003084', 'rizal', 'gombel', '085290798647', '12 Bulan', '2017-02-14', '2017-08-14', '2017-12-05', 132080, 6604, 6000, 1, 0, '0000-00-00 00:00:00', '0', '0', 'ST_JADWAL', '0000-00-00 00:00:00', '-', '-'),
	(289, 40, 'TSC.012IDA', 'ida.001', '01.1020101.002854', '1', '010313.002875', 'GEDUNG MAJT', 'JL. GAJAH RAYA', '12345678910', '12 Bulan', '2017-03-15', '2017-08-15', '2018-01-18', 110000, 5500, 6000, 1, 0, '0000-00-00 00:00:00', '0', '0', 'ST_JADWAL', '0000-00-00 00:00:00', '-', '-'),
	(290, 40, 'TSC.012IDA', 'ida.001', '01.1020101.002855', '1', '010313.002876', 'U I N', 'NGALIYAN', '12345678910', '12 Bulan', '2017-04-16', '2017-08-16', '2018-01-18', 176000, 8800, 6000, 1, 0, '0000-00-00 00:00:00', '0', '0', 'ST_JADWAL', '0000-00-00 00:00:00', '-', '-'),
	(291, 40, 'TSC.012IDA', 'ida.001', '01.1020101.002856', '1', '010313.002877', 'G. APDN', 'SRONDOL', '12345678910', '12 Bulan', '2017-04-16', '2017-08-16', '2018-01-18', 176000, 8800, 6000, 1, 0, '0000-00-00 00:00:00', '0', '0', 'ST_JADWAL', '0000-00-00 00:00:00', '-', '-'),
	(292, 40, 'TSC.012IDA', 'ida.002', '01.1020101.002857', '1', '010313.002878', 'SMA N 9 SEMARANG', 'BANYUMANIK', '12345678910', '12 Bulan', '2017-03-15', '2017-08-15', '2018-01-18', 660400, 33020, 6000, 1, 0, '0000-00-00 00:00:00', '0', '0', 'ST_JADWAL', '0000-00-00 00:00:00', '-', '-'),
	(293, 40, 'TSC.012IDA', 'ida.002', '01.1020101.002858', '1', '010313.002879', 'KARINA', 'BANYUMANIK', '12345678910', '12 Bulan', '2017-02-14', '2017-08-14', '2018-01-18', 250000, 12500, 6000, 1, 0, '0000-00-00 00:00:00', '0', '0', 'ST_JADWAL', '0000-00-00 00:00:00', '-', '-'),
	(294, 40, 'TSC.012IDA', 'ida.002', '01.1020101.002859', '1', '010313.002880', 'BRIMOB', 'BANYUMANIK', '12345678910', '12 Bulan', '2017-02-14', '2017-08-14', '2018-01-18', 250000, 12500, 6000, 1, 0, '0000-00-00 00:00:00', '0', '0', 'ST_JADWAL', '0000-00-00 00:00:00', '-', '-'),
	(295, 40, 'TSC.012IDA', 'ida.003', '01.1020101.002860', '1', '010313.002881', 'MA UNGARAN', 'UNGARAN', '12345678910', '12 Bulan', '2017-05-15', '2017-08-15', '2018-01-18', 352000, 17600, 6000, 1, 0, '0000-00-00 00:00:00', '0', '0', 'ST_JADWAL', '0000-00-00 00:00:00', '-', '-'),
	(296, 40, 'TSC.012IDA', 'ida.003', '01.1020101.002861', '1', '010313.002882', 'GOTONG ROYONG', 'AMBARAWA', '12345678910', '12 Bulan', '2017-02-14', '2017-08-14', '2018-01-18', 132080, 6604, 6000, 1, 0, '0000-00-00 00:00:00', '0', '0', 'ST_JADWAL', '0000-00-00 00:00:00', '-', '-'),
	(297, 41, 'TSC.002', 'CANMF.AST.001', '01.1020101.003277', '3', '010315.003674', 'NANIK SULASMI', 'JL.PARIKESIT RAYA NO 17 RT 08/02, BANYUMANIK, BANY', '081329277000', '36 Bulan', '2018-01-01', '2018-02-17', '2018-02-17', 208400, 91600, 4000, 306000, 306000, '2018-02-17 09:39:25', '-6.9931345', '110.3768681', 'ST_BAYAR', '2018-02-17 09:39:25', 'lunas', 'uploads/report-CANMF.AST.001-e166dc01f6.jpg'),
	(298, 41, 'TSC.002', 'CANMF.AST.001', '01.1020301.001805', '1', '010215.003736', 'PUTUT NUR WALIYANTO', 'JL.SANGGUNG RAYA RT 04/06, JATINGALEH, CANDISARI', '0', '12 Bulan', '2018-01-02', '2018-02-17', '2018-02-17', 166700, 0, 2000, 174700, 174700, '2018-02-17 09:56:21', '-6.98108', '110.408', 'ST_BAYAR', '2018-02-17 09:56:21', '-', 'uploads/report-CANMF.AST.001-2579ff309f.jpg'),
	(299, 41, 'TSC.002', 'CANMF.AST.001', '01.1020301.001824', '2', '010312.002312', 'SUMARNO', 'KAPLING RT 008/012, PUDAKPAYUNG, BANYUMANIK', '085876593955', '30 Bulan', '2018-01-03', '2018-02-17', '2018-02-17', 250000, 0, 6000, 258000, 258000, '2018-02-17 12:34:15', '-6.991217', '110.3809013', 'ST_BAYAR', '2018-02-17 12:34:15', '-', 'uploads/report-CANMF.AST.001-0c2dbf5835.jpg'),
	(300, 41, 'TSC.002', 'CANMF.AST.001', '01.1020101.003191', '3', '010315.003565', 'BA\'DA SHOLIHUL HUDA', 'KARANGANYAR RT 002/001, BANYUMANIK, BANYUMANIK', '085727338065', '30 Bulan', '2018-01-04', '2018-02-17', '2018-02-17', 250000, 55000, 4000, 311000, 0, '0000-00-00 00:00:00', '0', '0', 'ST_JADWAL', '0000-00-00 00:00:00', '-', '-'),
	(301, 41, 'TSC.002', 'CANMF.AST.003', '01.1020301.001804', '2', '010310.000622', 'NGATIYAH', 'KEPODANG BARAT II NO. 11, -, -', '0', '6 Bulan', '2018-01-05', '2018-02-17', '2018-02-17', 250000, 0, 2000, 256000, 0, '0000-00-00 00:00:00', '0', '0', 'ST_JADWAL', '0000-00-00 00:00:00', '-', '-'),
	(302, 41, 'TSC.002', 'CANMF.AST.003', '01.1020101.003274', '3', '010314.003104', 'MARYUMI', 'NGASEM NO.23 RT 2/5, PUDAKPAYUNG, BANYUMANIK', '0', '12 Bulan', '2018-01-06', '2018-02-17', '2018-02-17', 250000, 82500, 6000, 340500, 200000, '2018-02-17 10:09:42', '-6.9948497', '110.3767845', 'ST_BAYAR_PARSIAL', '2018-02-17 10:09:42', '-kurang', 'uploads/report-CANMF.AST.003-537f110418.jpg'),
	(303, 41, 'TSC.002', 'CANMF.AST.003', '01.1020101.003165', '4', '010311.001733', 'JUWARI', 'PERINTIS KEMERDEKAAN 179 RT 004/004, PUDAKPAYUNG,', '0247471815', '6 Bulan', '2018-01-07', '2018-02-17', '2018-02-17', 333200, 146800, 2000, 488000, 0, '0000-00-00 00:00:00', '0', '0', 'ST_JADWAL', '0000-00-00 00:00:00', '-', '-'),
	(304, 41, 'TSC.002', 'CANMF.AST.003', '01.1020101.002817', '4', '010312.002164', 'R. ENDANG PUJI RAHAYU', 'PERUM KARTIKA ASRI D.III/NO.4 RT 002/015, PUDAKPAY', '087832984219', '6 Bulan', '2018-01-08', '2018-02-17', '2018-02-17', 291700, 128300, 4000, 428000, 0, '0000-00-00 00:00:00', '0', '0', 'ST_JADWAL', '0000-00-00 00:00:00', '-', '-'),
	(305, 41, 'TSC.002', 'CANMF.AST.004', '01.1020101.003004', '4', '010314.003157', 'TEDI SUSILO', 'PERUM MEGANTARA PERMAU NO. 2 RT 006/008, PUDAKPAYU', '081904366873', '18 Bulan', '2018-01-09', '2018-02-17', '2018-02-17', 333400, 146600, 2000, 486000, 0, '0000-00-00 00:00:00', '0', '0', 'ST_JADWAL', '0000-00-00 00:00:00', '-', '-'),
	(306, 41, 'TSC.002', 'CANMF.AST.004', '01.1020101.003350', '2', '010315.003494', 'RATNA DWI INDHRYANINGRUM', 'PERUM P4A JL SEUDATI V BLOK B NO.8 RT 02/011, PUDA', '0', '24 Bulan', '2018-01-10', '2018-02-17', '2018-02-17', 177800, 58900, 6000, 242700, 0, '0000-00-00 00:00:00', '0', '0', 'ST_JADWAL', '0000-00-00 00:00:00', '-', '-'),
	(307, 41, 'TSC.002', 'CANMF.AST.004', '01.1020301.001806', '1', '010315.003494', 'RATNA DWI INDHRYANINGRUM', 'PERUM P4A JL SEUDATI V BLOK B NO.8 RT 02/011, PUDA', '0', '6 Bulan', '2018-01-11', '2018-02-17', '2018-02-17', 44500, 0, 2000, 50500, 0, '0000-00-00 00:00:00', '0', '0', 'ST_JADWAL', '0000-00-00 00:00:00', '-', '-');
/*!40000 ALTER TABLE `coll_batch_upload_data` ENABLE KEYS */;


-- Dumping structure for table collect.coll_check_in_start
CREATE TABLE IF NOT EXISTS `coll_check_in_start` (
  `CIS_ID` int(11) NOT NULL AUTO_INCREMENT,
  `CIS_WAKTU` datetime NOT NULL DEFAULT '0000-00-00 00:00:00',
  `CIS_COLL_U_ID` varchar(35) NOT NULL,
  `BU_ID` int(11) NOT NULL,
  `CIS_LOKASI_LAT` varchar(30) DEFAULT '0',
  `CIS_LOKASI_LNG` varchar(30) DEFAULT '0',
  PRIMARY KEY (`CIS_ID`)
) ENGINE=InnoDB AUTO_INCREMENT=190 DEFAULT CHARSET=latin1;

-- Dumping data for table collect.coll_check_in_start: ~176 rows (approximately)
DELETE FROM `coll_check_in_start`;
/*!40000 ALTER TABLE `coll_check_in_start` DISABLE KEYS */;
INSERT INTO `coll_check_in_start` (`CIS_ID`, `CIS_WAKTU`, `CIS_COLL_U_ID`, `BU_ID`, `CIS_LOKASI_LAT`, `CIS_LOKASI_LNG`) VALUES
	(1, '2017-08-09 11:34:41', 'TLZ.DON', 8, '0', '0'),
	(2, '2017-08-09 14:16:41', 'TLZ.DON', 8, '-6.9911845', '110.3808504'),
	(3, '2017-08-09 14:16:51', 'TLZ.DON', 8, '-6.9911845', '110.3808504'),
	(4, '2017-08-09 14:17:01', 'TLZ.DON', 8, '-6.9911845', '110.3808504'),
	(5, '2017-08-09 14:17:11', 'TLZ.DON', 8, '-6.9911845', '110.3808504'),
	(6, '2017-08-09 14:17:21', 'TLZ.DON', 8, '-6.9911845', '110.3808504'),
	(7, '2017-08-09 14:17:32', 'TLZ.DON', 8, '-6.9911845', '110.3808504'),
	(8, '2017-08-09 14:17:43', 'TLZ.DON', 8, '-6.9911845', '110.3808504'),
	(9, '2017-08-09 14:17:52', 'TLZ.DON', 8, '-6.9911845', '110.3808504'),
	(10, '2017-08-09 14:18:03', 'TLZ.DON', 8, '-6.9911845', '110.3808504'),
	(11, '2017-08-09 14:18:14', 'TLZ.DON', 8, '-6.9909414', '110.3809691'),
	(12, '2017-08-09 14:18:19', 'TLZ.DON', 8, '-6.9909347', '110.3808753'),
	(13, '2017-08-09 14:18:30', 'TLZ.DON', 8, '-6.9909597', '110.3808706'),
	(14, '2017-08-09 14:18:40', 'TLZ.DON', 8, '-6.9909761', '110.3808762'),
	(15, '2017-08-09 14:31:44', 'TLZ.DON', 8, '-6.9911845', '110.3808504'),
	(16, '2017-08-09 14:32:34', 'TLZ.DON', 8, '-6.9911845', '110.3808504'),
	(17, '2017-08-10 01:16:34', 'TLZ.DON', 8, '-6.9911893', '110.3808479'),
	(18, '2017-08-10 01:16:44', 'TLZ.DON', 8, '-6.9911852', '110.3808501'),
	(19, '2017-08-10 01:16:54', 'TLZ.DON', 8, '-6.9911856', '110.380853'),
	(20, '2017-08-10 01:25:54', 'TLZ.DON', 8, '-6.9911845', '110.3808504'),
	(21, '2017-08-10 01:29:59', 'TLZ.DON', 8, '-6.9911845', '110.3808504'),
	(22, '2017-08-10 01:38:06', 'TLZ.DON', 8, '-6.9911845', '110.3808504'),
	(23, '2017-08-10 02:08:28', 'TLZ.AR', 8, '-7.4698792', '110.560093'),
	(24, '2017-08-10 09:39:27', 'TLZ.AR', 8, '-7.2539363', '110.4414653'),
	(25, '2017-08-11 03:30:19', 'TLZ.DON', 9, '-6.989968', '110.4191539'),
	(26, '2017-08-11 03:30:22', 'TLZ.DON', 9, '-6.989968', '110.4191539'),
	(27, '2017-08-11 06:26:38', 'TLZ.AR', 9, '-7.074765', '110.4209371'),
	(28, '2017-08-11 06:55:13', 'TLZ.AR', 9, '-7.0015894', '110.4159564'),
	(29, '2017-08-11 07:05:21', 'TLZ.AR', 9, '-6.977044', '110.4207742'),
	(30, '2017-08-11 09:36:31', 'TLZ.DON', 9, '-7.0930739', '110.4179929'),
	(31, '2017-08-11 11:27:52', 'TLZ.DON', 9, '-7.0845072', '110.4180165'),
	(32, '2017-08-11 11:32:30', 'TLZ.DON', 9, '-7.0738941', '110.4204251'),
	(33, '2017-08-12 05:14:30', 'TLZ.AR', 9, '-7.0775892', '110.4167361'),
	(34, '2017-08-12 05:15:05', 'TLZ.AR', 9, '-7.0775889', '110.4167245'),
	(35, '2017-08-14 06:07:42', 'TLZ.AR', 10, '-7.1364015', '110.4056227'),
	(36, '2017-08-14 08:45:48', 'TLZ.AR', 10, '-7.1738486', '110.4170852'),
	(37, '2017-08-14 09:09:46', 'TLZ.AR', 10, '-7.0711397', '110.4237533'),
	(38, '2017-08-14 10:44:09', 'TLZ.AR', 10, '-7.0775588', '110.4167477'),
	(39, '2017-08-14 10:55:10', 'TLZ.DON', 10, '-7.088847', '110.4249887'),
	(40, '2017-08-15 02:55:35', 'TLZ.AR', 11, '-7.0220849', '110.4223568'),
	(41, '2017-08-15 12:32:45', 'TLZ.AR', 11, '-7.077556', '110.4167412'),
	(42, '2017-08-15 12:34:25', 'TLZ.AR', 11, '-7.0775588', '110.4167477'),
	(43, '2017-08-16 09:42:59', 'TLZ.AR', 12, '-7.0033524', '110.3953124'),
	(44, '2017-08-16 10:09:05', 'TLZ.DON', 11, '-7.0929894', '110.4182787'),
	(45, '2017-08-16 10:09:05', 'TLZ.DON', 12, '-7.0929894', '110.4182787'),
	(46, '2017-08-16 10:17:00', 'TLZ.DON', 11, '-7.0872437', '110.4166081'),
	(47, '2017-08-16 10:17:00', 'TLZ.DON', 12, '-7.0872437', '110.4166081'),
	(48, '2017-08-16 10:23:23', 'TLZ.DON', 11, '-7.0936059', '110.4217983'),
	(49, '2017-08-16 10:23:23', 'TLZ.DON', 12, '-7.0936059', '110.4217983'),
	(50, '2017-08-16 11:29:29', 'TLZ.AR', 12, '-7.0775996', '110.4167245'),
	(51, '2017-08-18 01:42:37', 'TLZ.DON', 13, '-7.1085306', '110.41237'),
	(52, '2017-08-18 01:58:34', 'TLZ.DON', 13, '-7.1245828', '110.4038964'),
	(53, '2017-08-18 02:20:19', 'TLZ.AR', 13, '-7.1245828', '110.4038964'),
	(54, '2017-08-18 02:20:21', 'TLZ.AR', 13, '-7.1245828', '110.4038964'),
	(55, '2017-08-18 02:21:32', 'TLZ.DON', 13, '-7.125322', '110.406286'),
	(56, '2017-08-22 02:33:30', 'TLZ.AR', 14, '-7.0775588', '110.4167477'),
	(57, '2017-08-22 03:16:37', 'TLZ.AR', 14, '-7.0381315', '110.425248'),
	(58, '2017-08-22 03:51:01', 'TLZ.AR', 14, '-7.0747718', '110.4209433'),
	(59, '2017-08-22 10:03:52', 'TLZ.DON', 14, '-7.0920435', '110.4176634'),
	(60, '2017-08-22 10:15:52', 'TLZ.DON', 14, '-7.0702259', '110.4215655'),
	(61, '2017-08-22 10:27:50', 'TLZ.DON', 14, '-7.0911624', '110.4230783'),
	(62, '2017-08-23 04:13:16', 'TLZ.AR', 14, '-7.0775588', '110.4167477'),
	(63, '2017-08-23 04:39:33', 'TLZ.AR', 14, '-7.1242314', '110.4094316'),
	(64, '2017-08-24 01:53:09', 'TLZ.AR', 14, '-7.0775548', '110.4167412'),
	(65, '2017-08-24 02:56:27', 'TLZ.AR', 14, '-7.01837', '110.418889'),
	(66, '2017-08-24 03:05:48', 'TLZ.AR', 14, '-7.0110956', '110.4166368'),
	(67, '2017-08-25 03:57:57', 'TLZ.AR', 14, '-7.0775588', '110.4167477'),
	(68, '2017-08-25 04:14:17', 'TLZ.AR', 14, '-7.0651399', '110.4149902'),
	(69, '2017-08-25 04:15:26', 'TLZ.AR', 14, '-7.0651399', '110.4149902'),
	(70, '2017-08-25 04:28:08', 'TLZ.AR', 14, '-7.0275492', '110.4187493'),
	(71, '2017-08-25 04:28:11', 'TLZ.AR', 14, '-7.0275492', '110.4187493'),
	(72, '2017-08-25 04:28:13', 'TLZ.AR', 14, '-7.0271386', '110.4184326'),
	(73, '2017-08-25 04:43:14', 'TLZ.AR', 14, '-6.9864256', '110.4071588'),
	(74, '2017-08-25 04:43:16', 'TLZ.AR', 14, '-6.9863241', '110.4073021'),
	(75, '2017-08-25 11:16:05', 'TLZ.DON', 14, '-7.088847', '110.4249887'),
	(76, '2017-08-26 03:16:30', 'TLZ.AR', 14, '-7.0644161', '110.4164099'),
	(77, '2017-08-26 03:31:20', 'TLZ.AR', 14, '-7.0051175', '110.453033'),
	(78, '2017-08-26 03:39:05', 'TLZ.AR', 14, '-7.0090839', '110.4597285'),
	(79, '2017-08-26 03:39:06', 'TLZ.AR', 14, '-7.0086329', '110.4596993'),
	(80, '2017-08-26 10:58:32', 'TLZ.DON', 14, '-7.0845065', '110.4177951'),
	(81, '2017-08-26 11:31:12', 'TLZ.DON', 14, '-7.0705905', '110.4240326'),
	(82, '2017-08-26 11:44:36', 'TLZ.DON', 14, '-7.0919388', '110.4195639'),
	(83, '2017-11-23 13:17:34', 'ida.003', 15, '-7.0746574', '110.4210005'),
	(84, '2017-11-23 13:17:46', 'ida.003', 15, '-7.0746575', '110.4210001'),
	(85, '2017-11-23 13:17:47', 'ida.003', 15, '-7.0746574', '110.4210005'),
	(86, '2017-11-23 13:17:51', 'ida.003', 15, '-7.0746575', '110.4210001'),
	(87, '2017-11-23 13:17:51', 'ida.003', 15, '-7.0746574', '110.4210005'),
	(88, '2017-11-23 13:19:24', 'ida.003', 15, '-7.074657', '110.4210016'),
	(89, '2017-11-23 13:19:34', 'ida.003', 15, '-7.0746005', '110.4210368'),
	(90, '2017-11-23 13:19:34', 'ida.003', 15, '-7.0746005', '110.4210368'),
	(91, '2017-11-23 13:19:35', 'ida.003', 15, '-7.0746005', '110.4210368'),
	(92, '2017-11-23 13:19:54', 'ida.003', 15, '-7.0746577', '110.4210005'),
	(93, '2017-11-23 13:19:54', 'ida.003', 15, '-7.0746577', '110.4210005'),
	(94, '2017-11-27 15:30:58', 'ida.001', 25, '-7.0748618', '110.4209219'),
	(95, '2017-11-27 15:34:12', 'ida.001', 25, '-7.0748609', '110.4209209'),
	(96, '2017-11-27 15:38:46', 'ida.002', 25, '-7.0748985', '110.4208895'),
	(97, '2017-11-27 15:52:09', 'ida.003', 25, '-7.0748627', '110.4209228'),
	(98, '2017-11-27 16:45:34', 'ida.003', 25, '-7.0748624', '110.4209225'),
	(99, '2017-11-29 11:04:23', 'ida.003', 28, '-7.0726912', '110.4207743'),
	(100, '2017-11-29 11:19:31', 'ida.002', 228, '-7.0748564', '110.4209142'),
	(101, '2017-11-29 11:20:54', 'ida.001', 226, '-7.0748564', '110.4209142'),
	(102, '2017-11-29 11:20:54', 'ida.001', 227, '-7.0748564', '110.4209142'),
	(103, '2017-11-29 11:22:06', 'ida.003', 30, '-7.0726912', '110.4207743'),
	(104, '2017-11-29 17:00:41', 'ida.001', 229, '-6.9510914', '110.4834611'),
	(105, '2017-11-29 17:00:41', 'ida.001', 230, '-6.9510914', '110.4834611'),
	(106, '2017-11-29 18:47:25', 'ida.003', 30, '-7.0622031', '110.4171665'),
	(107, '2017-11-29 18:47:27', 'ida.003', 30, '-7.0622031', '110.4171665'),
	(108, '2017-11-29 18:48:47', 'ida.003', 30, '-7.0620755', '110.4174442'),
	(109, '2017-11-29 19:01:06', 'ida.003', 30, '-7.0776001', '110.4167459'),
	(110, '2017-11-29 19:01:08', 'ida.003', 30, '-7.0775935', '110.4167095'),
	(111, '2017-11-30 12:25:28', 'ida.001', 31, '-7.0748564', '110.4209142'),
	(112, '2017-11-30 12:37:24', 'ida.001', 32, '-7.0748564', '110.4209142'),
	(113, '2017-11-30 12:38:06', 'ida.001', 32, '-7.0748617', '110.4209221'),
	(114, '2017-11-30 12:39:31', 'ida.001', 32, '-7.0748564', '110.4209142'),
	(115, '2017-11-30 12:49:46', 'ida.001', 247, '-7.0748564', '110.4209142'),
	(116, '2017-11-30 12:49:46', 'ida.001', 248, '-7.0748564', '110.4209142'),
	(117, '2017-11-30 12:49:54', 'ida.001', 247, '-7.0748564', '110.4209142'),
	(118, '2017-11-30 12:49:54', 'ida.001', 248, '-7.0748564', '110.4209142'),
	(119, '2017-11-30 12:49:56', 'ida.001', 247, '-7.0748564', '110.4209142'),
	(120, '2017-11-30 12:49:56', 'ida.001', 248, '-7.0748564', '110.4209142'),
	(121, '2017-11-30 12:50:10', 'ida.001', 247, '-7.0748564', '110.4209142'),
	(122, '2017-11-30 12:50:10', 'ida.001', 248, '-7.0748564', '110.4209142'),
	(123, '2017-11-30 12:51:59', 'ida.001', 253, '-7.0748564', '110.4209142'),
	(124, '2017-11-30 12:51:59', 'ida.001', 254, '-7.0748564', '110.4209142'),
	(125, '2017-11-30 12:52:36', 'ida.001', 253, '-7.0748564', '110.4209142'),
	(126, '2017-11-30 12:52:36', 'ida.001', 254, '-7.0748564', '110.4209142'),
	(127, '2017-11-30 12:53:28', 'ida.001', 253, '-7.0748564', '110.4209142'),
	(128, '2017-11-30 12:53:28', 'ida.001', 254, '-7.0748564', '110.4209142'),
	(129, '2017-11-30 12:53:53', 'ida.001', 253, '-7.0746617', '110.420855'),
	(130, '2017-11-30 12:53:53', 'ida.001', 254, '-7.0746617', '110.420855'),
	(131, '2017-11-30 12:57:43', 'ida.001', 253, '-7.0748564', '110.4209142'),
	(132, '2017-11-30 12:57:43', 'ida.001', 254, '-7.0748564', '110.4209142'),
	(133, '2017-11-30 12:58:42', 'ida.003', 257, '-7.0748564', '110.4209142'),
	(134, '2017-11-30 12:58:42', 'ida.003', 258, '-7.0748564', '110.4209142'),
	(135, '2017-11-30 13:02:08', 'ida.003', 257, '-7.0748618', '110.4209218'),
	(136, '2017-11-30 13:02:08', 'ida.003', 258, '-7.0748618', '110.4209218'),
	(137, '2017-11-30 13:08:25', 'ida.001', 259, '-7.0748564', '110.4209142'),
	(138, '2017-11-30 13:08:25', 'ida.001', 260, '-7.0748564', '110.4209142'),
	(139, '2017-11-30 13:09:24', 'ida.003', 263, '-7.0748564', '110.4209142'),
	(140, '2017-11-30 13:09:24', 'ida.003', 264, '-7.0748564', '110.4209142'),
	(141, '2017-11-30 13:13:43', 'ida.001', 259, '-7.0748564', '110.4209142'),
	(142, '2017-11-30 13:13:43', 'ida.001', 260, '-7.0748564', '110.4209142'),
	(143, '2017-11-30 13:27:37', 'ida.001', 259, '-7.0748564', '110.4209142'),
	(144, '2017-11-30 13:27:37', 'ida.001', 260, '-7.0748564', '110.4209142'),
	(145, '2017-12-02 09:31:40', 'ida.001', 37, '-7.0752417', '110.4214283'),
	(146, '2017-12-02 09:32:09', 'ida.001', 37, '-7.0752417', '110.4214283'),
	(147, '2017-12-04 09:28:16', 'ida.003', 38, '-7.0748802', '110.4208683'),
	(148, '2017-12-04 09:29:06', 'ida.002', 38, '-7.0747594', '110.4208838'),
	(149, '2017-12-04 14:26:31', 'ida.001', 38, '-6.9824563', '110.3985045'),
	(150, '2017-12-05 08:41:17', 'ida.003', 287, '-7.0748622', '110.4209211'),
	(151, '2017-12-05 08:41:17', 'ida.003', 288, '-7.0748622', '110.4209211'),
	(152, '2018-01-19 09:03:51', 'ida.006', 41, '-7.0748621', '110.4209227'),
	(153, '2018-02-17 09:18:54', 'CANMF.AST.001', 41, '-6.9948497', '110.3767845'),
	(154, '2018-02-17 09:19:25', 'CANMF.AST.001', 41, '-6.9948497', '110.3767845'),
	(155, '2018-02-17 09:19:28', 'CANMF.AST.001', 41, '-6.9948497', '110.3767845'),
	(156, '2018-02-17 09:19:35', 'CANMF.AST.001', 41, '-6.9948497', '110.3767845'),
	(157, '2018-02-17 09:20:44', 'CANMF.AST.001', 41, '-6.9948497', '110.3767845'),
	(158, '2018-02-17 09:21:32', 'CANMF.AST.001', 41, '-6.9948497', '110.3767845'),
	(159, '2018-02-17 09:21:34', 'CANMF.AST.001', 41, '-6.9948497', '110.3767845'),
	(160, '2018-02-17 09:23:04', 'CANMF.AST.001', 41, '-6.9948497', '110.3767845'),
	(161, '2018-02-17 09:23:43', 'CANMF.AST.001', 41, '-6.9948497', '110.3767845'),
	(162, '2018-02-17 09:24:55', 'CANMF.AST.001', 41, '-6.9948497', '110.3767845'),
	(163, '2018-02-17 09:25:37', 'CANMF.AST.001', 41, '-6.9948497', '110.3767845'),
	(164, '2018-02-17 09:25:38', 'CANMF.AST.001', 41, '-6.9948497', '110.3767845'),
	(165, '2018-02-17 09:36:49', 'CANMF.AST.001', 41, '-6.9921548', '110.3985474'),
	(166, '2018-02-17 09:37:06', 'CANMF.AST.001', 41, '-6.9948497', '110.3767845'),
	(167, '2018-02-17 09:37:53', 'CANMF.AST.001', 41, '-6.9948497', '110.3767845'),
	(168, '2018-02-17 09:38:47', 'CANMF.AST.001', 41, '-6.9948497', '110.3767845'),
	(169, '2018-02-17 09:40:35', 'CANMF.AST.001', 41, '-6.9948497', '110.3767845'),
	(170, '2018-02-17 09:43:03', 'CANMF.AST.001', 41, '-6.9948497', '110.3767845'),
	(171, '2018-02-17 09:49:46', 'CANMF.AST.001', 41, '-6.9874348', '110.3765392'),
	(172, '2018-02-17 09:50:10', 'CANMF.AST.001', 41, '-6.9874068', '110.3765383'),
	(173, '2018-02-17 09:50:56', 'CANMF.AST.001', 41, '-6.9874595', '110.3764623'),
	(174, '2018-02-17 09:51:29', 'CANMF.AST.001', 41, '-6.9873915', '110.3765275'),
	(175, '2018-02-17 09:51:49', 'CANMF.AST.003', 41, '-6.9947876', '110.3768136'),
	(176, '2018-02-17 09:51:51', 'CANMF.AST.003', 41, '-6.9947876', '110.3768136'),
	(177, '2018-02-17 09:53:22', 'CANMF.AST.001', 41, '-6.98108', '110.408'),
	(178, '2018-02-17 10:00:28', 'CANMF.AST.003', 41, '-6.9947849', '110.3768039'),
	(179, '2018-02-17 10:14:20', 'CANMF.AST.003', 41, '-6.9947932', '110.3767985'),
	(180, '2018-02-17 10:26:52', 'CANMF.AST.003', 41, '-6.9947876', '110.3768136'),
	(181, '2018-02-17 10:26:53', 'CANMF.AST.003', 41, '-6.9947876', '110.3768136'),
	(182, '2018-02-17 10:43:28', 'CANMF.AST.003', 41, '-6.9947876', '110.3768136'),
	(183, '2018-02-17 10:45:44', 'CANMF.AST.003', 41, '-6.9947876', '110.3768136'),
	(184, '2018-02-17 10:45:49', 'CANMF.AST.003', 41, '-6.9947876', '110.3768136'),
	(185, '2018-02-17 10:51:58', 'CANMF.AST.003', 41, '-6.9947846', '110.3768053'),
	(186, '2018-02-17 10:52:49', 'CANMF.AST.003', 41, '-6.9947876', '110.3768136'),
	(187, '2018-02-17 12:33:34', 'CANMF.AST.001', 41, '-6.991217', '110.3809013'),
	(188, '2018-02-17 12:33:37', 'CANMF.AST.001', 41, '-6.991217', '110.3809013'),
	(189, '2018-02-19 09:45:02', 'CANMF.AST.003', 41, '-6.9948496', '110.376786');
/*!40000 ALTER TABLE `coll_check_in_start` ENABLE KEYS */;


-- Dumping structure for table collect.coll_customers
CREATE TABLE IF NOT EXISTS `coll_customers` (
  `CUST_ID` varchar(20) NOT NULL,
  `CUST_NAMA` varchar(30) DEFAULT NULL,
  `CUST_ALAMAT` varchar(50) DEFAULT NULL,
  `CUST_PONSEL` varchar(20) DEFAULT NULL,
  PRIMARY KEY (`CUST_ID`),
  KEY `CUST_NAMA` (`CUST_NAMA`)
) ENGINE=InnoDB DEFAULT CHARSET=latin1;

-- Dumping data for table collect.coll_customers: ~149 rows (approximately)
DELETE FROM `coll_customers`;
/*!40000 ALTER TABLE `coll_customers` DISABLE KEYS */;
INSERT INTO `coll_customers` (`CUST_ID`, `CUST_NAMA`, `CUST_ALAMAT`, `CUST_PONSEL`) VALUES
	('010108.001459', 'NUR SODIQ', 'JL. KEPODANG BARAT I/C-8', '0'),
	('010108.001466', 'WAHYUNTO', 'JL.PUCUNG PUDAKPAYUNG RT 002/008, PUDAKPAYUNG, BAN', '085290745234'),
	('010210.001491', 'UMI KUSTIYATI', 'JL. KEPODANG TIMUR B-161 RT 06/12, PUDAKPAYUNG, BA', '085226109427'),
	('010212.002368', 'BAROKAH', 'PUDAK PAYUNG NGASEM RT 03/05, PUDAK PAYUNG, BANYUM', '085290744520'),
	('010215.003736', 'PUTUT NUR WALIYANTO', 'JL.SANGGUNG RAYA RT 04/06, JATINGALEH, CANDISARI', '0'),
	('010308.000040', 'GIYANTI', 'GEDAWANG RT 005/005, GEDAWANG, BANYUMANIK', '085225554866'),
	('010308.000047', 'WINARTI', 'GEDAWANG RT 001/005, GEDAWANG, BANYUMANIK', '085640843052'),
	('010308.000050', 'YULI SANTOSO', 'JL. KEPODANG RAYA B-51 RT 002/012, PUDAKPAYUNG, BA', '081229294834'),
	('010308.000067', 'SUMARDI', 'JL. KEPODANG RAYA A-82 RT01/14, -, -', '0'),
	('010308.000083', 'SURADAL', 'PUDAKPAYUNG RT 005/006, PUDAKPAYUNG, BANYUMANIK', '081225198395'),
	('010308.000090', 'JUMILAH', 'GROGOL RT 005/003, PUDAKPAYUNG, BANYUMANIK', '081225056101'),
	('010308.000098', 'SITI NOVI NURYANAH', 'GEDAWANG RT 005/005, GEDAWANG, BANYUMANIK', '085640192042'),
	('010308.000119', 'WAHYUNI', 'JL. KEPODANG TIMUR IV BLOK B-146 RT 006/008, PUDAK', '085640818588'),
	('010308.000129', 'WAHYUNINGSIH', 'JL. KEPODANG TIMUR IV BLOK D-146 RT 006/008, PUDAK', '085640818588'),
	('010308.000148', 'RUSMANI', 'JL. KEPODANG BARAT IV/C-19 RT 003/010, PUDAKPAYUNG', '085290509260'),
	('010308.000167', 'SUMARDIYO', 'JL. KEPODANG RAYA A-89 RT01/14, -, -', '0'),
	('010308.001227', 'ARIEF SUMARSONO', 'JL. KEPODANG SELATAN III/A-87 RT 001/014, PUDAKPAY', '081225455311'),
	('010309.000158', 'SRI SUPRAPTO', 'PUDAKPAYUNG RT 004/006, PUDAKPAYUNG, BANYUMANIK', '085290521427'),
	('010309.000177', 'SUTANTI', 'PUDAKSARI NO.26 RT 002/006, PUDAKPAYUNG, BANYUMANI', '085225280757'),
	('010309.000197', 'AKHMAD SUBAKIR', 'JL. KEPODANG BARAT IV NO.28, -, -', '0247040652'),
	('010309.000200', 'SRI SURYANTHI', 'KEPODANG BARAT IV/47 RT 003/010, PUDAKPAYUNG, BANY', '085225115520'),
	('010309.000234', 'DWI PRASETIYANI', 'JL. PUDAKSARI RT 008/006, PUDAKPAYUNG, BANYUMANIK', '08164282457'),
	('010309.000256', 'KARMI', 'BUMIREJO RT 003/006, PUDAKPAYUNG, BANYUMANIK', '085878159806'),
	('010309.000317', 'DWI PURWANTO', 'JL. KEPODANG RAYA C-130 RT 01/10, PUDAKPAYUNG-, BA', '085225029810'),
	('010309.000323', 'RAHAYU KUMALAWATI, S.PD', 'PUDAKPAYUNG RT 04/06, -PUDAKPAYUNG, BANYUMANIK-', '085290994308'),
	('010309.000331', 'H. CHAERUL ANWAR', 'PUNDUNG PUTIH RT.08/ III RT 08/03, GEDANG ANAK, UN', '085226473961'),
	('010309.000346', 'SUYITNO', 'KEBONBATUR RT 006/002, KEBONBATUR, MRANGGEN', '081325066186'),
	('010309.000355', 'SUTARNO', 'JL. CONDROKUSUMO DALAM RT 012/003, BONGSARI, SEMAR', '081326745235'),
	('010309.000360', 'ENY RISTININGSIH', 'CANDIREJO RT 005/002, CANDIREJO, PRINGAPUS', '081229368211'),
	('010309.000365', 'SARWATI', 'PUDAKPAYUNG RT 08/06, PUDAKPAYUNG, BANYUMANIK', '081229116121'),
	('010309.000411', 'ZAENAB', 'CANDISARI RT 001/008, PUDAKPAYUNG, BANYUMANIK', '085727705368'),
	('010309.000415', 'SUPADI', 'PERUM KOPKAR BLOK C RT 001/010, PUDAKPAYUNG, BANYU', '085225127253'),
	('010309.000416', 'JUWANTO', 'PUDAKPAYUNG RT 002/004, PUDAKPAYUNG, BANYUMANIK', '085226110542'),
	('010309.000426', 'BAMBANG DWI SUTADI', 'JL. KEPODANG SELATAN A-10, -, -', '085291577094'),
	('010309.000441', 'PARLAN', 'JL. KEPODANG SELATAN II A-36 RT 002/014, PUDAKPAYU', '02476485022'),
	('010309.000575', 'WAHYU NINGSIH', 'PUDAKPAYUNG BUMIREJO RT 04/06, -PUDAKPAYUNG, -BANY', '0'),
	('010309.001342', 'SUGIYARTO', 'PUDAK PAYUNG RT 02 / VIII', '0'),
	('010309.001346', 'SULASNO', 'GENTAN RT 003/001, GENTAN, KRANGGAN', '085641512372'),
	('010309.001597', 'WINARTI', 'GEDAWANG RT 001/005, GEDAWANG, BANYUMANIK', '081225598090'),
	('010310.000607', 'HARI ISWANTO', 'TAWANGAGLIK LOR RT 2/VI', '081325019040'),
	('010310.000622', 'NGATIYAH', 'KEPODANG BARAT II NO. 11, -, -', '0'),
	('010310.000684', 'budi', 'tlogosari', '085226356538'),
	('010310.000720', 'KISWANTO', 'JL. BANTENG RT 002/003, JANGKLI, TEMBALANG', '085290789285'),
	('010310.000745', 'TRI RIPTIYAH', 'PUDAKPAYUNG RT 002/006, PUDAKPAYUNG, BANYUMANIK', '0'),
	('010310.000766', 'ARI SUPRIYANTO', 'JL. KEPODANG BARAT IV/C 34 RT 003/010, PUDAKPAYUNG', '081326791756'),
	('010310.000777', 'ARYADIN OPPA', 'JL NGESREP TIMUR V/8 RT 001/003, SUMURBOTO, BANYUM', '081226866313'),
	('010310.000799', 'TITIN SUMARNI', 'JL. RENJANA RAYA NO.36 RT 001/011, PUDAKPAYUNG, BA', '081229225522'),
	('010310.000866', 'hendra', 'manyaran', '085225499662'),
	('010310.000899', 'ASROFIAH', 'DONGKO RT 006/002, KEBON BATUR, MRANGGEN', '081325284256'),
	('010310.000966', 'SAIFUL ANWAR', 'GEDAWANG RT 05/05, GEDAWANG, BANYUMANIK', '081325223517'),
	('010310.000985', 'SURYANI', 'DSN KRASAK RT 05/03 ROWOSARI', '0'),
	('010310.001408', 'NGATIYAH', 'JL KEPODANG BARAT II/11 RT 03/10, PUDAKPAYUNG_, BA', '081326043804'),
	('010310.001427', 'THOMAS ANDIARTO', 'PUDAKPAYUNG RT 01 RW 07,SEMARANG', '085226113862'),
	('010311.001077', 'NUGRAHENI PEBRIHASTUTI', 'VILLA PAYUNG INDAH A-45 RT 00600/005, PUDAKPAYUNG,', '085290948940'),
	('010311.001112', 'INDAH WAHYUNI', 'JL.NGASEM RAYA NO.4 RT 001/005, PUDAKPAYUNG, BANYU', '085226234039'),
	('010311.001189', 'RATIMAH', 'JL.NGASEM III NO.24.A RT 001/005, PUDAKPAYUNG, BAN', '085225999739'),
	('010311.001733', 'JUWARI', 'PERINTIS KEMERDEKAAN 179 RT 004/004, PUDAKPAYUNG,', '0247471815'),
	('010311.001756', 'SUDARSONO', 'PADANG SARI RT 004/008, BANYUMANIK, BANYUMANIK', '081228926823'),
	('010311.001788', 'LASMI', 'PUDAKPAYUNG RT 003/004, PUDAKPAYUNG, BANYUMANIK', '081326075954'),
	('010311.001874', 'TRI WARTIYAH', 'PUDAKPAYUNG RT 001/007, PUDAKPAYUNG, BANYUMANIK', '085865310474'),
	('010311.001922', 'CICILIA SUWARTI', 'BANDARJO UNGARAN RT 007/005, BANDARJO, UNGARAN BAR', '081326244534'),
	('010311.001931', 'ENI MULYATUN', 'KRAJAN I RT 01/02, NGAMPELREJO, JOMBANG', '085290976528'),
	('010311.001984', 'SLAMET SUTOMO', 'DSN LEREP RT 006/002, LEREP, UNGARAN BARAT', '081229287666'),
	('010311.001991', 'EDY SULISWANTO', 'SIKUNIR RT 003/007, BERGAS LOR, BERGAS', '085385380740'),
	('010311.001994', 'WAHYUNINGSIH', 'PUDAKPAYUNG RT 02/05, PUDAKPAYUNG, BANYUMANIK', '081326241889'),
	('010312.002062', 'SOEDARYO DONO SUMARTO', 'JL PUDAKSARI NO.26 RT 002/006, PUDAKPAYUNG, BANYUM', '085225217581'),
	('010312.002104', 'KITRI LESTARI', 'SIROTO RT 002/007, PUDAKPAYUNG, BANYUMANIK', '085200610895'),
	('010312.002139', 'JOHANES', 'NGASEM RT 01/05, PUDAKPAYUNG, BANYUMANIK', '081325212419'),
	('010312.002164', 'R. ENDANG PUJI RAHAYU', 'PERUM KARTIKA ASRI D.III/NO.4 RT 002/015, PUDAKPAY', '087832984219'),
	('010312.002172', 'SUSANTO', 'BUMIREJO RT 0005/0006, PUDAKPAYUNG, BANYUMANIK', '081228985114'),
	('010312.002209', 'SUPARNO', 'PUDAKPAYUNG RT 008/006, PUDAKPAYUNG, BANYUMANIK', '081325265953'),
	('010312.002240', 'SUWARNO', 'BUMIREJO RT 003/006, PUDAKPAYUNG, BANYUMANIK', '081228089011'),
	('010312.002312', 'SUMARNO', 'KAPLING RT 008/012, PUDAKPAYUNG, BANYUMANIK', '085876593955'),
	('010312.002373', 'PUJI WIDOYO', 'PUDAK PAYUNG RT 07/04, PUDAK PAYUNG, BANYUMANIK', '085226492538'),
	('010312.002409', 'TRIYO BUDI UTOMO', 'JL .GRAHA PRASETYO II NO.B-33 RT 005/002, PEDALANG', '81642824572'),
	('010312.002429', 'BUDI ASTOMO', 'PUCUNG RT 001/008, PUDAKPAYUNG, BANYUMANIK', '085640200263'),
	('010312.002435', 'HERI SUSILO', 'PUDAKPAYUNG RT 06/09, PUDAKPAYUNG, BANYUMANIK', '081326134965'),
	('010312.002444', 'SRI WURYATI', 'PUDAKPAYUNG RT 006/004, PUDAKPAYUNG, BANYUMANIK', '085225874613'),
	('010313.002490', 'ANDAYANI,ST', 'JL KRUING BARAT DALAM I NO 99 RT 001/003, SRONDOL', '085325097512'),
	('010313.002519', 'ESTIANING SARI', 'PUDAKPAYUNG RT 04/04, PUDAKPAYUNG, BANYUMANIK', '081326091888'),
	('010313.002530', 'SAMIDI', 'JL KEPODANG VI C-89 RT 01/10, PUDAKPAYUNG, BANYUMA', '081229038232'),
	('010313.002532', 'JOKO SEDYONO', 'PUDAKPAYUNG SITUK RT 03/04, PUDAKPAYUNG, BANYUMANI', '081325363410'),
	('010313.002561', 'JANI HARIYANTO', 'KARANGGAWANG RT 001/001, MLUWEH, UNGARAN TIMUR', '081326435395'),
	('010313.002584', 'SUPRIYANTI', 'JL KEPODANG BARAT IV C-44 RT 03/10, PUDAKPAYUNG, B', '085225292228'),
	('010313.002591', 'INDAH SUPRIYANTI', 'PUDAKPAYUNG NGASEM RT 001/005, PUDAKPAYUNG, BANYUM', '085200610891'),
	('010313.002608', 'HAERUTO', 'VILLA GEDAWANG PERMAI F3 RT 12/04, GEDAWANG, BANYU', '085225453225'),
	('010313.002620', 'FITRI LESTARI', 'PUDAKPAYUNG RT 02/06, PUDAKPAYUNG, BANYUMANIK', '085290404843'),
	('010313.002629', 'MUSRIPAH', 'KARANGANYAR RT 04/01, BANYUMANIK, BANYUMANIK', '85385380743'),
	('010313.002684', 'SUCI MURNI', 'PUDAKPAYUNG SETUK RT 006/004, PUDAKPAYUNG, BANYUMA', '081390424056'),
	('010313.002721', 'ROYIUN', 'SUMBEREJO RT 03/06, SUMBEREJO, MRANGGEN', '87700332907'),
	('010313.002732', 'HERU NUGROHO APRIANTO', 'BENDOSARI RT 05/05, KUMPULREJO, ARGOMULYO', '081326543709'),
	('010313.002752', 'MOHAMAD QORI ALFIAN', 'JL.KEPODANG TIMUR II B 84 RT 03/12, PUDAKPAYUNG, B', '085290075667'),
	('010313.002776', 'ENDANG SRI SUDARNIK,ST', 'DSN TAWANG SARI RT 04/08, PAYUNGAN, KALIWUNGU', '085225414145'),
	('010313.002800', 'MASKUN', 'JL.KEPODANG RAYA B-18 PUSKOPKAR RT 02/12, PUDAKPAY', '081326016292'),
	('010313.002840', 'SRIYANI', 'BERGAS KIDUL RT 05/02, BERGAS, BERGAS', '081325005836'),
	('010313.002853', 'IBNU JARIR', 'KARANGSARI RT 07/01, PADANG, TANGGUNGHARJO', '081326386851'),
	('010313.002875', 'yanto', 'ketileng', '081326617117'),
	('010313.002876', 'U I N', 'NGALIYAN', '12345678910'),
	('010313.002877', 'G. APDN', 'SRONDOL', '12345678910'),
	('010313.002878', 'SMA N 9 SEMARANG', 'BANYUMANIK', '12345678910'),
	('010313.002879', 'KARINA', 'BANYUMANIK', '12345678910'),
	('010313.002880', 'BRIMOB', 'BANYUMANIK', '12345678910'),
	('010313.002881', 'MA UNGARAN', 'UNGARAN', '12345678910'),
	('010313.002882', 'GOTONG ROYONG', 'AMBARAWA', '12345678910'),
	('010314.002955', 'WRIHATMAYA, IR', 'JL. BENGAWAN G-118 PAYUNGMAS RT 006/010, PUDAKPAYU', '081326154768'),
	('010314.002971', 'DWI NURUL SUSILANINGTYAS', 'DOPLANG RT 2/4, DOPLANG, PURWOREJO', '085290743548'),
	('010314.002976', 'ANNA ASTRIANI LESTARI', 'JL KALIPEPE III RT 4/1, PUDAKPAYUNG, BANYUMANIK', '085325113293'),
	('010314.002988', 'RICIK WASONO HADI', 'JONGGRING SALOKO IV/22 RT 006/012, KROBOKAN, SEMAR', '085225762340'),
	('010314.003008', 'ADITYA ROY SAPUTRA', 'JL. KEPODANG B 1/9 RT 001/012, PUDAKPAYUNG, BANYUM', '0'),
	('010314.003038', 'SUNDARI', 'PUDAKPAYUNG SETUK RT 007/004, PUDAKPAYUNG, BANYUMA', '085290041125'),
	('010314.003040', 'SRI TRISTINI MALIK', 'LINGKUNGAN GEMBONGAN RT 013/004, KARANGJATI, BERGA', '08164282457'),
	('010314.003083', 'SRIYANTO', 'PUDAKPAYUNG RT 7/4, PUDAKPAYUNG, BANYUMANIK', '085290833115'),
	('010314.003084', 'rizal', 'gombel', '085290798647'),
	('010314.003104', 'MARYUMI', 'NGASEM NO.23 RT 2/5, PUDAKPAYUNG, BANYUMANIK', '0'),
	('010314.003123', 'FERIANI WULANDARI', 'JL. SENDANG KEMBANG RT 015/006, PUDAKPAYUNG, BANYU', '087700332904'),
	('010314.003126', 'WAHYU DWI CAHYANINGTYAS EKO PU', 'JL KALIPEPE RAYA RT 09/01, PUDAKPAYUNG, BAYUMANIK', '085226343694'),
	('010314.003133', 'yunus', 'sampangan', '081225743963'),
	('010314.003152', 'SUHARTO, SE', 'JL. MENOREH RAYA NO 2A RT 006/001, SAMPANGAN, GAJA', '085385380740'),
	('010314.003157', 'TEDI SUSILO', 'PERUM MEGANTARA PERMAU NO. 2 RT 006/008, PUDAKPAYU', '081904366873'),
	('010314.003173', 'SUPRIYADI', 'PUDAKPAYUNG RT 004/003, PUDAKPAYUNG, BANYUMANIK', '081325131175'),
	('010314.003180', 'MINTARSO', 'JL KEPODANG BARAT V BLOK C 94 RT 002/010, PUDAKPAY', '089681127380'),
	('010314.003201', 'EKO FITRI ATMOKO', 'PUDAKPAYUNG SITUK RT 003/004, PUDAKPAYUNG, BANYUMA', '08122917436'),
	('010314.003205', 'TOMMY WIDJAYA', 'GN JATI SELATAN III NO. 360 RT 009/002, WONOSARI,', '081390662767'),
	('010314.003206', 'EDY NURYANTO', 'GEDAWANG RT 001/005, GEDAWANG, BANYUMANIK', '081325789910'),
	('010314.003207', 'TETI NOVIANINGRUM', 'JL. SATRIA RAYA NO. 93, PUDAKPAYUNG, BANYUMANIK', '081225541492'),
	('010314.003209', 'MASRIAH', 'PUDAKPAYUNG RT 004/005, PUDAKPAYUNG, BANYUMANIK', '081390812115'),
	('010314.003210', 'AGUS SUPRIYANTO', 'PUDAKPAYUNG RT 002/004, PUDAKPAYUNG, BANYUMANIK', '081326171368'),
	('010314.003217', 'TRIYONO', 'JL PRAMUKA NDAWUNG RT 001/002, PUDAKPAYUNG, BANYUM', '085225991360'),
	('010314.003221', 'SRIYATI', 'BEJI KRAJAN RT 003/002, BEJI, UNGARAN TIMUR', '085226222092'),
	('010314.003227', 'ERYAWAN FEBRIYANTO', 'BANDARJO RT 002/005, BANDARJO, UNGARAN BARAT', '081225199405'),
	('010314.003270', 'EKO NURYANTO', 'JL. PUDAKSARI RT 008/006, PUDAKPAYUNG, BANYUMANIK', '087832115993'),
	('010314.003282', 'TEGUH DINI SULISTYO', 'PUDAKPAYUNG RT 002/006, PUDAKPAYUNG, BANYUMANIK', '085225044520'),
	('010314.003283', 'wahyu', 'banyumanik', '085290962295'),
	('010314.003287', 'DJUMERI', 'PEDALANGAN RT 002/004, PEDALANGAN, BANYUMANIK', '081325088173'),
	('010314.003288', 'NUR WIDIYANI', 'PUDAKPAYUNG BUMIREJO RT 009/006, PUDAKPAYUNG, BANY', '085325039058'),
	('010314.003308', 'WANDI', 'PUDAKPAYUNG RT 002/006, PUDAKPAYUNG, BANYUMANIK', '081225580282'),
	('010314.003310', 'DHIVA OKTA ALFIAN', 'DSN KEBONAGUNG RT 002/002, KEBONAGUNG, SUMOWONO', '085225762340'),
	('010315.003313', 'PRAMONO', 'PUSKOPKAR BLOK C-90 RT 002/010, PUDAKPAYUNG, BANYU', '085225265959'),
	('010315.003319', 'DANANG GALIH PRASETYO', 'SUMURBOTO II RT 006/003, SUMURBOTO, BANYUMANIK', '085290616452'),
	('010315.003320', 'WAHYUDI', 'DSN BLATER KIDUL RT 001/007, JIMBARAN, BANDUNGAN', '085290302979'),
	('010315.003325', 'WISNU TIMUR ARI BOWO', 'JL. KEPODANG TIMUR B/VI-205 RT 007/012, PUDAKPAYUN', '085290430777'),
	('010315.003327', 'YUNI SUTANTI', 'TUGUREJO RT 005/003, TUGUREJO, TUGU', '081390872883'),
	('010315.003328', 'SUPRIYONO', 'MUGAS 788 A RT 006/002, MUGASARI, SEMARANG SELATAN', '081325758724'),
	('010315.003329', 'MUJIYONO', 'KP NGREMBEL RT 001/007, GUNUNGPATI, GUNUNGPATI', '85385380741'),
	('010315.003331', 'SRI HANDAYANI', 'PUDAKPAYUNG SEWAN RT 004/004, PUDAKPAYUNG, BANYUMA', '087832115993'),
	('010315.003332', 'WELAS ASIH SUYANIK', 'PUDAKPAYUNG SEWAN RT 005/004, PUDAKPAYUNG, BANYUMA', '087700332904'),
	('010315.003334', 'ERI TRISTIANTO', 'PUDAKPAYUNG RT 001/006, PUDAKPAYUNG, BANYUMANIK', '85385380742'),
	('010315.003336', 'SITI AMINATININGSIH', 'PUDAKPAYUNG BUMIREJO RT 05/06, PUDAKPAYUNG, BANYUM', '87832115994'),
	('010315.003434', 'YUSI HARTINI', 'PUDAKPAYUNG NGASEM RT 07/05, PUDAKPAYUNG, BANYUMAN', '0'),
	('010315.003494', 'RATNA DWI INDHRYANINGRUM', 'PERUM P4A JL SEUDATI V BLOK B NO.8 RT 02/011, PUDA', '0'),
	('010315.003540', 'MASITOH', 'BUMIREJO RT 04/06, PUDAKPAYUNG, BANYUMANIK', '08237009888'),
	('010315.003565', 'BA\'DA SHOLIHUL HUDA', 'KARANGANYAR RT 002/001, BANYUMANIK, BANYUMANIK', '085727338065'),
	('010315.003635', 'JUMARI', 'JL.GEDAWANG RT 06/02, GEDAWANG, BANYUMANIK', '085200610895'),
	('010315.003666', 'NANIK SULASMI', 'JL.PARIKESIT RAYA NO 17 RT 08/02, BANYUMANIK, BANY', '081329277000'),
	('010315.003674', 'NANIK SULASMI', 'JL.PARIKESIT RAYA NO 17 RT 08/02, BANYUMANIK, BANY', '081329277000'),
	('010315.004494', 'RATNA DWI', 'PERUM P4A NO.8 RT 02/011, PUDA', '0');
/*!40000 ALTER TABLE `coll_customers` ENABLE KEYS */;


-- Dumping structure for table collect.coll_jadwal
CREATE TABLE IF NOT EXISTS `coll_jadwal` (
  `J_ID` int(10) unsigned NOT NULL AUTO_INCREMENT,
  `BU_ID` int(10) unsigned DEFAULT '0',
  `BUD_ID` int(10) unsigned DEFAULT '0',
  `J_TGL` date NOT NULL,
  `CUST_ID` varchar(35) NOT NULL,
  `PINJ_ID` varchar(35) NOT NULL,
  `J_PINJ_JUMLAH` decimal(10,0) DEFAULT '0',
  `J_PINJ_JUMLAH_BAYAR` decimal(10,0) DEFAULT '0',
  `J_STATUS` varchar(20) NOT NULL DEFAULT 'ST_JADWAL',
  `PRSH_ID` varchar(10) NOT NULL,
  `J_COLL_U_ID` varchar(35) NOT NULL,
  PRIMARY KEY (`J_ID`),
  KEY `J_TGL` (`J_TGL`),
  KEY `J_CUST_ID` (`CUST_ID`),
  KEY `J_STATUS` (`J_STATUS`),
  KEY `PINJ_ID` (`PINJ_ID`),
  KEY `PRSH_ID` (`PRSH_ID`),
  KEY `BU_ID` (`BU_ID`),
  KEY `BUD_ID` (`BUD_ID`),
  KEY `J_COLL_U_ID` (`J_COLL_U_ID`)
) ENGINE=InnoDB AUTO_INCREMENT=490 DEFAULT CHARSET=latin1;

-- Dumping data for table collect.coll_jadwal: ~465 rows (approximately)
DELETE FROM `coll_jadwal`;
/*!40000 ALTER TABLE `coll_jadwal` DISABLE KEYS */;
INSERT INTO `coll_jadwal` (`J_ID`, `BU_ID`, `BUD_ID`, `J_TGL`, `CUST_ID`, `PINJ_ID`, `J_PINJ_JUMLAH`, `J_PINJ_JUMLAH_BAYAR`, `J_STATUS`, `PRSH_ID`, `J_COLL_U_ID`) VALUES
	(1, 1, 1, '2017-07-31', '010314.003008', '01.1020301.001761', 297700, 0, 'ST_TIDAK_DITEMUKAN', 'ASBA', 'ASBA.AND.001'),
	(2, 1, 1, '2017-08-01', '010314.003008', '01.1020301.001761', 297700, 0, 'ST_JADWAL', 'ASBA', 'ASBA.AND.001'),
	(3, 1, 1, '2017-08-02', '010314.003008', '01.1020301.001761', 297700, 0, 'ST_JADWAL', 'ASBA', 'ASBA.AND.001'),
	(4, 1, 1, '2017-08-03', '010314.003008', '01.1020301.001761', 297700, 0, 'ST_JADWAL', 'ASBA', 'ASBA.AND.001'),
	(5, 1, 2, '2017-07-31', '010108.001459', '01.1020101.003143', 814500, 814500, 'ST_BAYAR', 'ASBA', 'ASBA.AND.001'),
	(6, 1, 2, '2017-08-01', '010108.001459', '01.1020101.003143', 814500, 0, '-', 'ASBA', 'ASBA.AND.001'),
	(7, 1, 2, '2017-08-02', '010108.001459', '01.1020101.003143', 814500, 0, '-', 'ASBA', 'ASBA.AND.001'),
	(8, 1, 2, '2017-08-03', '010108.001459', '01.1020101.003143', 814500, 0, '-', 'ASBA', 'ASBA.AND.001'),
	(9, 1, 2, '2017-08-04', '010108.001459', '01.1020101.003143', 814500, 0, '-', 'ASBA', 'ASBA.AND.001'),
	(10, 47, 47, '2017-08-05', '010108.001459', '01.1020101.003143', 814500, 0, '-', 'ASBA', 'ASBA.AND.001'),
	(11, 1, 2, '2017-08-06', '010108.001459', '01.1020101.003143', 814500, 0, '-', 'ASBA', 'ASBA.AND.001'),
	(12, 1, 3, '2017-07-31', '010309.000197', '01.1020301.001697', 213300, 100000, 'ST_BAYAR_PARSIAL', 'ASBA', 'ASBA.AND.001'),
	(13, 1, 3, '2017-08-01', '010309.000197', '01.1020301.001697', 213300, 0, 'ST_JADWAL', 'ASBA', 'ASBA.AND.001'),
	(14, 1, 4, '2017-07-31', '010308.000067', '01.1020101.002964', 264500, 0, 'ST_JADWAL', 'ASBA', 'ASBA.DWI.003'),
	(15, 1, 4, '2017-08-01', '010308.000067', '01.1020101.002964', 264500, 0, 'ST_JADWAL', 'ASBA', 'ASBA.DWI.003'),
	(16, 1, 5, '2017-07-31', '010308.000067', '01.1020301.001668', 272700, 0, 'ST_JADWAL', 'ASBA', 'ASBA.DWI.003'),
	(17, 1, 5, '2017-08-01', '010308.000067', '01.1020301.001668', 272700, 0, 'ST_JADWAL', 'ASBA', 'ASBA.DWI.003'),
	(18, 1, 6, '2017-07-31', '010309.000317', '01.1020101.003234', 244600, 0, 'ST_JADWAL', 'ASBA', 'ASBA.DWI.003'),
	(19, 1, 6, '2017-08-01', '010309.000317', '01.1020101.003234', 244600, 0, 'ST_JADWAL', 'ASBA', 'ASBA.DWI.003'),
	(20, 1, 6, '2017-08-02', '010309.000317', '01.1020101.003234', 244600, 0, 'ST_JADWAL', 'ASBA', 'ASBA.DWI.003'),
	(21, 1, 7, '2017-07-31', '010309.000426', '01.1020301.001769', 256000, 0, 'ST_JADWAL', 'ASBA', 'ASBA.DWI.003'),
	(22, 1, 8, '2017-07-30', '010309.000441', '01.1020301.001823', 174700, 0, 'ST_JADWAL', 'ASBA', 'ASBA.DEW.004'),
	(23, 1, 8, '2017-07-31', '010309.000441', '01.1020301.001823', 174700, 0, 'ST_JADWAL', 'ASBA', 'ASBA.DEW.004'),
	(24, 1, 9, '2017-07-30', '010308.000119', '01.1020301.001551', 170600, 0, 'ST_JADWAL', 'ASBA', 'ASBA.DEW.004'),
	(25, 1, 9, '2017-07-31', '010308.000119', '01.1020301.001551', 170600, 0, 'ST_JADWAL', 'ASBA', 'ASBA.DEW.004'),
	(26, 1, 10, '2017-07-30', '010308.000119', '01.1020101.002581', 614000, 0, 'ST_JADWAL', 'ASBA', 'ASBA.DEW.004'),
	(27, 1, 10, '2017-07-31', '010308.000119', '01.1020101.002581', 614000, 0, 'ST_JADWAL', 'ASBA', 'ASBA.DEW.004'),
	(28, 1, 10, '2017-08-01', '010308.000119', '01.1020101.002581', 614000, 0, 'ST_JADWAL', 'ASBA', 'ASBA.DEW.004'),
	(29, 1, 10, '2017-08-02', '010308.000119', '01.1020101.002581', 614000, 0, 'ST_JADWAL', 'ASBA', 'ASBA.DEW.004'),
	(30, 1, 10, '2017-08-03', '010308.000119', '01.1020101.002581', 614000, 0, 'ST_JADWAL', 'ASBA', 'ASBA.DEW.004'),
	(31, 1, 10, '2017-08-04', '010308.000119', '01.1020101.002581', 614000, 0, 'ST_JADWAL', 'ASBA', 'ASBA.DEW.004'),
	(32, 1, 10, '2017-08-05', '010308.000119', '01.1020101.002581', 614000, 0, 'ST_JADWAL', 'ASBA', 'ASBA.DEW.004'),
	(33, 2, 11, '2017-07-30', '010314.003152', '01.1020101.002712', 81000, 0, 'ST_JADWAL', 'ASBA', 'ASBA.AND.001'),
	(34, 2, 11, '2017-07-31', '010314.003152', '01.1020101.002712', 81000, 0, 'ST_JADWAL', 'ASBA', 'ASBA.AND.001'),
	(35, 2, 11, '2017-08-01', '010314.003152', '01.1020101.002712', 81000, 0, 'ST_JADWAL', 'ASBA', 'ASBA.AND.001'),
	(36, 2, 11, '2017-08-02', '010314.003152', '01.1020101.002712', 81000, 0, 'ST_JADWAL', 'ASBA', 'ASBA.AND.001'),
	(37, 2, 11, '2017-08-03', '010314.003152', '01.1020101.002712', 81000, 0, 'ST_JADWAL', 'ASBA', 'ASBA.AND.001'),
	(38, 2, 12, '2017-07-30', '010314.003152', '01.1020301.001603', 81000, 0, 'ST_JADWAL', 'ASBA', 'ASBA.AND.001'),
	(39, 2, 12, '2017-07-31', '010314.003152', '01.1020301.001603', 81000, 0, 'ST_JADWAL', 'ASBA', 'ASBA.AND.001'),
	(40, 2, 12, '2017-08-01', '010314.003152', '01.1020301.001603', 81000, 0, 'ST_JADWAL', 'ASBA', 'ASBA.AND.001'),
	(41, 2, 12, '2017-08-02', '010314.003152', '01.1020301.001603', 81000, 0, 'ST_JADWAL', 'ASBA', 'ASBA.AND.001'),
	(42, 2, 13, '2017-07-30', '010309.000234', '01.1020301.001676', 422700, 0, 'ST_JADWAL', 'ASBA', 'ASBA.DEW.004'),
	(43, 2, 13, '2017-07-31', '010309.000234', '01.1020301.001676', 422700, 0, 'ST_JADWAL', 'ASBA', 'ASBA.DEW.004'),
	(44, 2, 13, '2017-08-01', '010309.000234', '01.1020301.001676', 422700, 0, 'ST_JADWAL', 'ASBA', 'ASBA.DEW.004'),
	(45, 2, 14, '2017-07-31', '010314.003270', '01.1020301.001698', 254000, 0, 'ST_JADWAL', 'ASBA', 'ASBA.DWI.003'),
	(46, 2, 14, '2017-08-01', '010314.003270', '01.1020301.001698', 254000, 0, 'ST_JADWAL', 'ASBA', 'ASBA.DWI.003'),
	(47, 2, 14, '2017-08-02', '010314.003270', '01.1020301.001698', 254000, 0, 'ST_JADWAL', 'ASBA', 'ASBA.DWI.003'),
	(48, 2, 14, '2017-08-03', '010314.003270', '01.1020301.001698', 254000, 0, 'ST_JADWAL', 'ASBA', 'ASBA.DWI.003'),
	(49, 2, 14, '2017-08-04', '010314.003270', '01.1020301.001698', 254000, 0, 'ST_JADWAL', 'ASBA', 'ASBA.DWI.003'),
	(50, 2, 15, '2017-07-31', '010314.003123', '01.1020301.001601', 524900, 0, 'ST_JADWAL', 'ASBA', 'ASBA.DWI.003'),
	(51, 2, 15, '2017-08-01', '010314.003123', '01.1020301.001601', 524900, 0, 'ST_JADWAL', 'ASBA', 'ASBA.DWI.003'),
	(52, 2, 15, '2017-08-02', '010314.003123', '01.1020301.001601', 524900, 0, 'ST_JADWAL', 'ASBA', 'ASBA.DWI.003'),
	(53, 2, 15, '2017-08-03', '010314.003123', '01.1020301.001601', 524900, 0, 'ST_JADWAL', 'ASBA', 'ASBA.DWI.003'),
	(54, 2, 16, '2017-07-31', '010315.003635', '01.1020101.003238', 444000, 0, 'ST_JADWAL', 'ASBA', 'ASBA.DEW.004'),
	(55, 2, 16, '2017-08-01', '010315.003635', '01.1020101.003238', 444000, 0, 'ST_JADWAL', 'ASBA', 'ASBA.DEW.004'),
	(56, 3, 17, '2017-07-20', '010315.003674', '01.1020101.003277', 306000, 0, 'ST_JADWAL', 'ASBA', 'ASBA.AND.001'),
	(57, 3, 17, '2017-07-21', '010315.003674', '01.1020101.003277', 306000, 0, 'ST_JADWAL', 'ASBA', 'ASBA.AND.001'),
	(58, 3, 17, '2017-07-22', '010315.003674', '01.1020101.003277', 306000, 0, 'ST_JADWAL', 'ASBA', 'ASBA.AND.001'),
	(59, 3, 17, '2017-07-23', '010315.003674', '01.1020101.003277', 306000, 0, 'ST_JADWAL', 'ASBA', 'ASBA.AND.001'),
	(60, 3, 17, '2017-07-24', '010315.003674', '01.1020101.003277', 306000, 0, 'ST_JADWAL', 'ASBA', 'ASBA.AND.001'),
	(61, 3, 18, '2017-07-20', '010215.003736', '01.1020301.001805', 174700, 0, 'ST_JADWAL', 'ASBA', 'ASBA.AND.001'),
	(62, 3, 18, '2017-07-21', '010215.003736', '01.1020301.001805', 174700, 0, 'ST_JADWAL', 'ASBA', 'ASBA.AND.001'),
	(63, 3, 18, '2017-07-22', '010215.003736', '01.1020301.001805', 174700, 0, 'ST_JADWAL', 'ASBA', 'ASBA.AND.001'),
	(64, 3, 18, '2017-07-23', '010215.003736', '01.1020301.001805', 174700, 0, 'ST_JADWAL', 'ASBA', 'ASBA.AND.001'),
	(65, 3, 18, '2017-07-24', '010215.003736', '01.1020301.001805', 174700, 0, 'ST_JADWAL', 'ASBA', 'ASBA.AND.001'),
	(66, 3, 19, '2017-07-20', '010312.002312', '01.1020301.001824', 258000, 0, 'ST_JADWAL', 'ASBA', 'ASBA.AND.001'),
	(67, 3, 19, '2017-07-21', '010312.002312', '01.1020301.001824', 258000, 0, 'ST_JADWAL', 'ASBA', 'ASBA.AND.001'),
	(68, 3, 20, '2017-07-20', '010315.003565', '01.1020101.003191', 311000, 0, 'ST_JADWAL', 'ASBA', 'ASBA.AND.001'),
	(69, 3, 20, '2017-07-21', '010315.003565', '01.1020101.003191', 311000, 0, 'ST_JADWAL', 'ASBA', 'ASBA.AND.001'),
	(70, 3, 20, '2017-07-22', '010315.003565', '01.1020101.003191', 311000, 0, 'ST_JADWAL', 'ASBA', 'ASBA.AND.001'),
	(71, 3, 20, '2017-07-23', '010315.003565', '01.1020101.003191', 311000, 0, 'ST_JADWAL', 'ASBA', 'ASBA.AND.001'),
	(72, 3, 20, '2017-07-24', '010315.003565', '01.1020101.003191', 311000, 0, 'ST_JADWAL', 'ASBA', 'ASBA.AND.001'),
	(73, 3, 20, '2017-07-25', '010315.003565', '01.1020101.003191', 311000, 0, 'ST_JADWAL', 'ASBA', 'ASBA.AND.001'),
	(74, 3, 20, '2017-07-26', '010315.003565', '01.1020101.003191', 311000, 0, 'ST_JADWAL', 'ASBA', 'ASBA.AND.001'),
	(75, 3, 21, '2017-07-20', '010310.000622', '01.1020301.001804', 256000, 0, 'ST_JADWAL', 'ASBA', 'ASBA.DWI.003'),
	(76, 3, 21, '2017-07-21', '010310.000622', '01.1020301.001804', 256000, 0, 'ST_JADWAL', 'ASBA', 'ASBA.DWI.003'),
	(77, 3, 21, '2017-07-22', '010310.000622', '01.1020301.001804', 256000, 0, 'ST_JADWAL', 'ASBA', 'ASBA.DWI.003'),
	(78, 3, 21, '2017-07-23', '010310.000622', '01.1020301.001804', 256000, 0, 'ST_JADWAL', 'ASBA', 'ASBA.DWI.003'),
	(79, 3, 21, '2017-07-24', '010310.000622', '01.1020301.001804', 256000, 0, 'ST_JADWAL', 'ASBA', 'ASBA.DWI.003'),
	(80, 3, 21, '2017-07-25', '010310.000622', '01.1020301.001804', 256000, 0, 'ST_JADWAL', 'ASBA', 'ASBA.DWI.003'),
	(81, 3, 21, '2017-07-26', '010310.000622', '01.1020301.001804', 256000, 0, 'ST_JADWAL', 'ASBA', 'ASBA.DWI.003'),
	(82, 3, 21, '2017-07-27', '010310.000622', '01.1020301.001804', 256000, 0, 'ST_JADWAL', 'ASBA', 'ASBA.DWI.003'),
	(83, 3, 21, '2017-07-28', '010310.000622', '01.1020301.001804', 256000, 0, 'ST_JADWAL', 'ASBA', 'ASBA.DWI.003'),
	(84, 3, 22, '2017-07-20', '010314.003104', '01.1020101.003274', 340500, 0, 'ST_JADWAL', 'ASBA', 'ASBA.DWI.003'),
	(85, 3, 22, '2017-07-21', '010314.003104', '01.1020101.003274', 340500, 0, 'ST_JADWAL', 'ASBA', 'ASBA.DWI.003'),
	(86, 3, 22, '2017-07-22', '010314.003104', '01.1020101.003274', 340500, 0, 'ST_JADWAL', 'ASBA', 'ASBA.DWI.003'),
	(87, 3, 22, '2017-07-23', '010314.003104', '01.1020101.003274', 340500, 0, 'ST_JADWAL', 'ASBA', 'ASBA.DWI.003'),
	(88, 3, 22, '2017-07-24', '010314.003104', '01.1020101.003274', 340500, 0, 'ST_JADWAL', 'ASBA', 'ASBA.DWI.003'),
	(89, 3, 22, '2017-07-25', '010314.003104', '01.1020101.003274', 340500, 0, 'ST_JADWAL', 'ASBA', 'ASBA.DWI.003'),
	(90, 3, 23, '2017-07-20', '010311.001733', '01.1020101.003165', 488000, 0, 'ST_JADWAL', 'ASBA', 'ASBA.DWI.003'),
	(91, 3, 23, '2017-07-21', '010311.001733', '01.1020101.003165', 488000, 0, 'ST_JADWAL', 'ASBA', 'ASBA.DWI.003'),
	(92, 3, 23, '2017-07-22', '010311.001733', '01.1020101.003165', 488000, 0, 'ST_JADWAL', 'ASBA', 'ASBA.DWI.003'),
	(93, 3, 23, '2017-07-23', '010311.001733', '01.1020101.003165', 488000, 0, 'ST_JADWAL', 'ASBA', 'ASBA.DWI.003'),
	(94, 3, 24, '2017-07-20', '010312.002164', '01.1020101.002817', 428000, 0, 'ST_JADWAL', 'ASBA', 'ASBA.DWI.003'),
	(95, 3, 24, '2017-07-21', '010312.002164', '01.1020101.002817', 428000, 0, 'ST_JADWAL', 'ASBA', 'ASBA.DWI.003'),
	(96, 3, 24, '2017-07-22', '010312.002164', '01.1020101.002817', 428000, 0, 'ST_JADWAL', 'ASBA', 'ASBA.DWI.003'),
	(97, 3, 24, '2017-07-23', '010312.002164', '01.1020101.002817', 428000, 0, 'ST_JADWAL', 'ASBA', 'ASBA.DWI.003'),
	(98, 3, 24, '2017-07-24', '010312.002164', '01.1020101.002817', 428000, 0, 'ST_JADWAL', 'ASBA', 'ASBA.DWI.003'),
	(99, 3, 24, '2017-07-25', '010312.002164', '01.1020101.002817', 428000, 0, 'ST_JADWAL', 'ASBA', 'ASBA.DWI.003'),
	(100, 3, 25, '2017-07-20', '010314.003157', '01.1020101.003004', 486000, 0, 'ST_JADWAL', 'ASBA', 'ASBA.DEW.004'),
	(101, 3, 25, '2017-07-21', '010314.003157', '01.1020101.003004', 486000, 0, 'ST_JADWAL', 'ASBA', 'ASBA.DEW.004'),
	(102, 3, 25, '2017-07-22', '010314.003157', '01.1020101.003004', 486000, 0, 'ST_JADWAL', 'ASBA', 'ASBA.DEW.004'),
	(103, 3, 25, '2017-07-23', '010314.003157', '01.1020101.003004', 486000, 0, 'ST_JADWAL', 'ASBA', 'ASBA.DEW.004'),
	(104, 3, 25, '2017-07-24', '010314.003157', '01.1020101.003004', 486000, 0, 'ST_JADWAL', 'ASBA', 'ASBA.DEW.004'),
	(105, 3, 25, '2017-07-25', '010314.003157', '01.1020101.003004', 486000, 0, 'ST_JADWAL', 'ASBA', 'ASBA.DEW.004'),
	(106, 3, 25, '2017-07-26', '010314.003157', '01.1020101.003004', 486000, 0, 'ST_JADWAL', 'ASBA', 'ASBA.DEW.004'),
	(107, 3, 25, '2017-07-27', '010314.003157', '01.1020101.003004', 486000, 0, 'ST_JADWAL', 'ASBA', 'ASBA.DEW.004'),
	(108, 3, 26, '2017-07-20', '010315.003494', '01.1020101.003350', 242700, 0, 'ST_JADWAL', 'ASBA', 'ASBA.DEW.004'),
	(109, 3, 26, '2017-07-21', '010315.003494', '01.1020101.003350', 242700, 0, 'ST_JADWAL', 'ASBA', 'ASBA.DEW.004'),
	(110, 3, 26, '2017-07-22', '010315.003494', '01.1020101.003350', 242700, 0, 'ST_JADWAL', 'ASBA', 'ASBA.DEW.004'),
	(111, 3, 26, '2017-07-23', '010315.003494', '01.1020101.003350', 242700, 0, 'ST_JADWAL', 'ASBA', 'ASBA.DEW.004'),
	(112, 3, 26, '2017-07-24', '010315.003494', '01.1020101.003350', 242700, 0, 'ST_JADWAL', 'ASBA', 'ASBA.DEW.004'),
	(113, 3, 26, '2017-07-25', '010315.003494', '01.1020101.003350', 242700, 0, 'ST_JADWAL', 'ASBA', 'ASBA.DEW.004'),
	(114, 3, 26, '2017-07-26', '010315.003494', '01.1020101.003350', 242700, 0, 'ST_JADWAL', 'ASBA', 'ASBA.DEW.004'),
	(115, 3, 26, '2017-07-27', '010315.003494', '01.1020101.003350', 242700, 0, 'ST_JADWAL', 'ASBA', 'ASBA.DEW.004'),
	(116, 3, 26, '2017-07-28', '010315.003494', '01.1020101.003350', 242700, 0, 'ST_JADWAL', 'ASBA', 'ASBA.DEW.004'),
	(117, 3, 27, '2017-07-20', '010315.003494', '01.1020301.001806', 50500, 0, 'ST_JADWAL', 'ASBA', 'ASBA.DEW.004'),
	(118, 3, 27, '2017-07-21', '010315.003494', '01.1020301.001806', 50500, 0, 'ST_JADWAL', 'ASBA', 'ASBA.DEW.004'),
	(119, 3, 27, '2017-07-22', '010315.003494', '01.1020301.001806', 50500, 0, 'ST_JADWAL', 'ASBA', 'ASBA.DEW.004'),
	(120, 3, 27, '2017-07-23', '010315.003494', '01.1020301.001806', 50500, 0, 'ST_JADWAL', 'ASBA', 'ASBA.DEW.004'),
	(121, 3, 27, '2017-07-24', '010315.003494', '01.1020301.001806', 50500, 0, 'ST_JADWAL', 'ASBA', 'ASBA.DEW.004'),
	(122, 3, 27, '2017-07-25', '010315.003494', '01.1020301.001806', 50500, 0, 'ST_JADWAL', 'ASBA', 'ASBA.DEW.004'),
	(123, 3, 27, '2017-07-26', '010315.003494', '01.1020301.001806', 50500, 0, 'ST_JADWAL', 'ASBA', 'ASBA.DEW.004'),
	(124, 3, 27, '2017-07-27', '010315.003494', '01.1020301.001806', 50500, 0, 'ST_JADWAL', 'ASBA', 'ASBA.DEW.004'),
	(125, 3, 27, '2017-07-28', '010315.003494', '01.1020301.001806', 50500, 0, 'ST_JADWAL', 'ASBA', 'ASBA.DEW.004'),
	(126, 3, 27, '2017-07-29', '010315.003494', '01.1020301.001806', 50500, 0, 'ST_JADWAL', 'ASBA', 'ASBA.DEW.004'),
	(127, 4, 28, '2017-07-21', '010312.002429', '01.1020101.002914', 928400, 0, 'ST_JADWAL', 'ASBA', 'ASBA.AND.001'),
	(128, 4, 28, '2017-07-22', '010312.002429', '01.1020101.002914', 928400, 0, 'ST_JADWAL', 'ASBA', 'ASBA.AND.001'),
	(129, 4, 28, '2017-07-23', '010312.002429', '01.1020101.002914', 928400, 0, 'ST_JADWAL', 'ASBA', 'ASBA.AND.001'),
	(130, 4, 28, '2017-07-24', '010312.002429', '01.1020101.002914', 928400, 0, 'ST_JADWAL', 'ASBA', 'ASBA.AND.001'),
	(131, 4, 28, '2017-07-25', '010312.002429', '01.1020101.002914', 928400, 0, 'ST_JADWAL', 'ASBA', 'ASBA.AND.001'),
	(132, 4, 28, '2017-07-26', '010312.002429', '01.1020101.002914', 928400, 0, 'ST_JADWAL', 'ASBA', 'ASBA.AND.001'),
	(133, 4, 28, '2017-07-27', '010312.002429', '01.1020101.002914', 928400, 0, 'ST_JADWAL', 'ASBA', 'ASBA.AND.001'),
	(134, 4, 28, '2017-07-28', '010312.002429', '01.1020101.002914', 928400, 0, 'ST_JADWAL', 'ASBA', 'ASBA.AND.001'),
	(135, 4, 29, '2017-07-21', '010309.001342', '01.1020101.003092', 313000, 0, 'ST_JADWAL', 'ASBA', 'ASBA.AND.001'),
	(136, 4, 29, '2017-07-22', '010309.001342', '01.1020101.003092', 313000, 0, 'ST_JADWAL', 'ASBA', 'ASBA.AND.001'),
	(137, 4, 29, '2017-07-23', '010309.001342', '01.1020101.003092', 313000, 0, 'ST_JADWAL', 'ASBA', 'ASBA.AND.001'),
	(138, 4, 29, '2017-07-24', '010309.001342', '01.1020101.003092', 313000, 0, 'ST_JADWAL', 'ASBA', 'ASBA.AND.001'),
	(139, 4, 29, '2017-07-25', '010309.001342', '01.1020101.003092', 313000, 0, 'ST_JADWAL', 'ASBA', 'ASBA.AND.001'),
	(140, 4, 29, '2017-07-26', '010309.001342', '01.1020101.003092', 313000, 0, 'ST_JADWAL', 'ASBA', 'ASBA.AND.001'),
	(141, 4, 29, '2017-07-27', '010309.001342', '01.1020101.003092', 313000, 0, 'ST_JADWAL', 'ASBA', 'ASBA.AND.001'),
	(142, 4, 29, '2017-07-28', '010309.001342', '01.1020101.003092', 313000, 0, 'ST_JADWAL', 'ASBA', 'ASBA.AND.001'),
	(143, 4, 29, '2017-07-29', '010309.001342', '01.1020101.003092', 313000, 0, 'ST_JADWAL', 'ASBA', 'ASBA.AND.001'),
	(144, 4, 29, '2017-07-30', '010309.001342', '01.1020101.003092', 313000, 0, 'ST_JADWAL', 'ASBA', 'ASBA.AND.001'),
	(145, 4, 30, '2017-07-21', '010309.000575', '01.1020101.003302', 608000, 0, 'ST_JADWAL', 'ASBA', 'ASBA.AND.001'),
	(146, 4, 30, '2017-07-22', '010309.000575', '01.1020101.003302', 608000, 0, 'ST_JADWAL', 'ASBA', 'ASBA.AND.001'),
	(147, 4, 30, '2017-07-23', '010309.000575', '01.1020101.003302', 608000, 0, 'ST_JADWAL', 'ASBA', 'ASBA.AND.001'),
	(148, 4, 30, '2017-07-24', '010309.000575', '01.1020101.003302', 608000, 0, 'ST_JADWAL', 'ASBA', 'ASBA.AND.001'),
	(149, 4, 30, '2017-07-25', '010309.000575', '01.1020101.003302', 608000, 0, 'ST_JADWAL', 'ASBA', 'ASBA.AND.001'),
	(150, 4, 30, '2017-07-26', '010309.000575', '01.1020101.003302', 608000, 0, 'ST_JADWAL', 'ASBA', 'ASBA.AND.001'),
	(151, 4, 30, '2017-07-27', '010309.000575', '01.1020101.003302', 608000, 0, 'ST_JADWAL', 'ASBA', 'ASBA.AND.001'),
	(152, 4, 30, '2017-07-28', '010309.000575', '01.1020101.003302', 608000, 0, 'ST_JADWAL', 'ASBA', 'ASBA.AND.001'),
	(153, 4, 30, '2017-07-29', '010309.000575', '01.1020101.003302', 608000, 0, 'ST_JADWAL', 'ASBA', 'ASBA.AND.001'),
	(154, 4, 31, '2017-07-21', '010315.003434', '01.1020101.003235', 216000, 0, 'ST_JADWAL', 'ASBA', 'ASBA.AND.001'),
	(155, 4, 31, '2017-07-22', '010315.003434', '01.1020101.003235', 216000, 0, 'ST_JADWAL', 'ASBA', 'ASBA.AND.001'),
	(156, 4, 31, '2017-07-23', '010315.003434', '01.1020101.003235', 216000, 0, 'ST_JADWAL', 'ASBA', 'ASBA.AND.001'),
	(157, 4, 31, '2017-07-24', '010315.003434', '01.1020101.003235', 216000, 0, 'ST_JADWAL', 'ASBA', 'ASBA.AND.001'),
	(158, 4, 31, '2017-07-25', '010315.003434', '01.1020101.003235', 216000, 0, 'ST_JADWAL', 'ASBA', 'ASBA.AND.001'),
	(159, 4, 31, '2017-07-26', '010315.003434', '01.1020101.003235', 216000, 0, 'ST_JADWAL', 'ASBA', 'ASBA.AND.001'),
	(160, 4, 31, '2017-07-27', '010315.003434', '01.1020101.003235', 216000, 0, 'ST_JADWAL', 'ASBA', 'ASBA.AND.001'),
	(161, 4, 31, '2017-07-28', '010315.003434', '01.1020101.003235', 216000, 0, 'ST_JADWAL', 'ASBA', 'ASBA.AND.001'),
	(162, 4, 31, '2017-07-29', '010315.003434', '01.1020101.003235', 216000, 0, 'ST_JADWAL', 'ASBA', 'ASBA.AND.001'),
	(163, 4, 31, '2017-07-30', '010315.003434', '01.1020101.003235', 216000, 0, 'ST_JADWAL', 'ASBA', 'ASBA.AND.001'),
	(164, 4, 31, '2017-07-31', '010315.003434', '01.1020101.003235', 216000, 216000, 'ST_BAYAR', 'ASBA', 'ASBA.AND.001'),
	(165, 4, 31, '2017-08-01', '010315.003434', '01.1020101.003235', 216000, 0, '-', 'ASBA', 'ASBA.AND.001'),
	(166, 4, 32, '2017-07-21', '010311.001874', '01.1020101.002916', 1440000, 0, 'ST_JADWAL', 'ASBA', 'ASBA.DWI.003'),
	(167, 4, 32, '2017-07-22', '010311.001874', '01.1020101.002916', 1440000, 0, 'ST_JADWAL', 'ASBA', 'ASBA.DWI.003'),
	(168, 4, 32, '2017-07-23', '010311.001874', '01.1020101.002916', 1440000, 0, 'ST_JADWAL', 'ASBA', 'ASBA.DWI.003'),
	(169, 4, 32, '2017-07-24', '010311.001874', '01.1020101.002916', 1440000, 0, 'ST_JADWAL', 'ASBA', 'ASBA.DWI.003'),
	(170, 4, 32, '2017-07-25', '010311.001874', '01.1020101.002916', 1440000, 0, 'ST_JADWAL', 'ASBA', 'ASBA.DWI.003'),
	(171, 4, 32, '2017-07-26', '010311.001874', '01.1020101.002916', 1440000, 0, 'ST_JADWAL', 'ASBA', 'ASBA.DWI.003'),
	(172, 4, 32, '2017-07-27', '010311.001874', '01.1020101.002916', 1440000, 0, 'ST_JADWAL', 'ASBA', 'ASBA.DWI.003'),
	(173, 4, 32, '2017-07-28', '010311.001874', '01.1020101.002916', 1440000, 0, 'ST_JADWAL', 'ASBA', 'ASBA.DWI.003'),
	(174, 4, 32, '2017-07-29', '010311.001874', '01.1020101.002916', 1440000, 0, 'ST_JADWAL', 'ASBA', 'ASBA.DWI.003'),
	(175, 4, 32, '2017-07-30', '010311.001874', '01.1020101.002916', 1440000, 0, 'ST_JADWAL', 'ASBA', 'ASBA.DWI.003'),
	(176, 4, 32, '2017-07-31', '010311.001874', '01.1020101.002916', 1440000, 0, 'ST_JADWAL', 'ASBA', 'ASBA.DWI.003'),
	(177, 4, 32, '2017-08-01', '010311.001874', '01.1020101.002916', 1440000, 0, 'ST_JADWAL', 'ASBA', 'ASBA.DWI.003'),
	(178, 4, 32, '2017-08-02', '010311.001874', '01.1020101.002916', 1440000, 0, 'ST_JADWAL', 'ASBA', 'ASBA.DWI.003'),
	(179, 4, 33, '2017-07-21', '010310.000745', '01.1020101.003040', 187500, 0, 'ST_JADWAL', 'ASBA', 'ASBA.DWI.003'),
	(180, 4, 33, '2017-07-22', '010310.000745', '01.1020101.003040', 187500, 0, 'ST_JADWAL', 'ASBA', 'ASBA.DWI.003'),
	(181, 4, 33, '2017-07-23', '010310.000745', '01.1020101.003040', 187500, 0, 'ST_JADWAL', 'ASBA', 'ASBA.DWI.003'),
	(182, 4, 33, '2017-07-24', '010310.000745', '01.1020101.003040', 187500, 0, 'ST_JADWAL', 'ASBA', 'ASBA.DWI.003'),
	(183, 4, 33, '2017-07-25', '010310.000745', '01.1020101.003040', 187500, 0, 'ST_JADWAL', 'ASBA', 'ASBA.DWI.003'),
	(184, 4, 33, '2017-07-26', '010310.000745', '01.1020101.003040', 187500, 0, 'ST_JADWAL', 'ASBA', 'ASBA.DWI.003'),
	(185, 4, 33, '2017-07-27', '010310.000745', '01.1020101.003040', 187500, 0, 'ST_JADWAL', 'ASBA', 'ASBA.DWI.003'),
	(186, 4, 33, '2017-07-28', '010310.000745', '01.1020101.003040', 187500, 0, 'ST_JADWAL', 'ASBA', 'ASBA.DWI.003'),
	(187, 4, 33, '2017-07-29', '010310.000745', '01.1020101.003040', 187500, 0, 'ST_JADWAL', 'ASBA', 'ASBA.DWI.003'),
	(188, 4, 33, '2017-07-30', '010310.000745', '01.1020101.003040', 187500, 0, 'ST_JADWAL', 'ASBA', 'ASBA.DWI.003'),
	(189, 4, 33, '2017-07-31', '010310.000745', '01.1020101.003040', 187500, 0, 'ST_JADWAL', 'ASBA', 'ASBA.DWI.003'),
	(190, 4, 33, '2017-08-01', '010310.000745', '01.1020101.003040', 187500, 0, 'ST_JADWAL', 'ASBA', 'ASBA.DWI.003'),
	(191, 4, 33, '2017-08-02', '010310.000745', '01.1020101.003040', 187500, 0, 'ST_JADWAL', 'ASBA', 'ASBA.DWI.003'),
	(192, 4, 33, '2017-08-03', '010310.000745', '01.1020101.003040', 187500, 0, 'ST_JADWAL', 'ASBA', 'ASBA.DWI.003'),
	(193, 4, 33, '2017-08-04', '010310.000745', '01.1020101.003040', 187500, 0, 'ST_JADWAL', 'ASBA', 'ASBA.DWI.003'),
	(194, 5, 34, '2017-08-04', '010314.003227', '01.1020301.001792', 633000, 0, 'ST_JADWAL', 'TSC.10', 'TLZ.DON'),
	(195, 5, 35, '2017-08-04', '010311.001922', '01.1020101.002759', 1806000, 1000000, 'ST_BAYAR_PARSIAL', 'TSC.10', 'TLZ.DON'),
	(196, 5, 36, '2017-08-04', '010309.000256', '01.1020101.003142', 2058000, 0, 'ST_TIDAK_BAYAR', 'TSC.10', 'TLZ.DON'),
	(197, 5, 37, '2017-08-04', '010315.003540', '01.1020101.003399', 226000, 226000, 'ST_BAYAR', 'TSC.10', 'TLZ.DON'),
	(198, 5, 38, '2017-08-04', '010309.000411', '01.1020101.003236', 666000, 0, 'ST_JADWAL', 'TSC.10', 'TLZ.HER'),
	(199, 5, 39, '2017-08-04', '010310.000985', '01.1020101.003237', 376000, 0, 'ST_JADWAL', 'TSC.10', 'TLZ.HER'),
	(200, 5, 40, '2017-08-04', '010308.000047', '01.1020101.003309', 378000, 0, 'ST_JADWAL', 'TSC.10', 'TLZ.HER'),
	(201, 5, 41, '2017-08-04', '010308.000098', '01.1020301.001473', 59900, 0, 'ST_JADWAL', 'TSC.10', 'TLZ.HER'),
	(202, 5, 42, '2017-08-04', '010309.001346', '01.1020101.003270', 655500, 655500, 'ST_BAYAR', 'TSC.10', 'TLZ.AR'),
	(203, 5, 43, '2017-08-04', '010314.003180', '01.1020101.003139', 1161000, 750000, 'ST_BAYAR_PARSIAL', 'TSC.10', 'TLZ.AR'),
	(204, 5, 44, '2017-08-04', '010313.002530', '01.1020101.003346', 163000, 0, 'ST_TIDAK_BAYAR', 'TSC.10', 'TLZ.AR'),
	(205, 5, 45, '2017-08-04', '010310.000777', '01.1020101.002634', 156000, 0, 'ST_TIDAK_DITEMUKAN', 'TSC.10', 'TLZ.AR'),
	(206, 6, 46, '2017-08-05', '010314.003008', '01.1020301.001761', 297700, 0, 'ST_TIDAK_DITEMUKAN', 'TSC.10', 'TLZ.DON'),
	(207, 6, 48, '2017-08-05', '010309.000197', '01.1020301.001697', 213300, 213000, 'ST_BAYAR_PARSIAL', 'TSC.10', 'TLZ.DON'),
	(208, 6, 49, '2017-08-05', '010308.000067', '01.1020101.002964', 264500, 264500, 'ST_BAYAR', 'TSC.10', 'TLZ.DON'),
	(209, 6, 50, '2017-08-05', '010308.000167', '01.1020301.001668', 272700, 200000, 'ST_BAYAR_PARSIAL', 'TSC.10', 'TLZ.AR'),
	(210, 6, 51, '2017-08-05', '010309.000317', '01.1020101.003234', 244600, 0, 'ST_TIDAK_BAYAR', 'TSC.10', 'TLZ.AR'),
	(211, 6, 52, '2017-08-05', '010309.000426', '01.1020301.001769', 256000, 0, 'ST_TIDAK_DITEMUKAN', 'TSC.10', 'TLZ.AR'),
	(212, 6, 53, '2017-08-05', '010309.000441', '01.1020301.001823', 174700, 174700, 'ST_BAYAR', 'TSC.10', 'TLZ.AR'),
	(213, 6, 54, '2017-08-05', '010308.000119', '01.1020301.001551', 170600, 0, 'ST_JADWAL', 'TSC.10', 'TLZ.HER'),
	(214, 6, 55, '2017-08-05', '010308.000129', '01.1020101.002581', 614000, 0, 'ST_JADWAL', 'TSC.10', 'TLZ.HER'),
	(215, 7, 56, '2017-08-07', '010315.003666', '01.1020101.003277', 306000, 306000, 'ST_BAYAR', 'TSC.10', 'TLZ.DON'),
	(216, 7, 57, '2017-08-07', '010215.003736', '01.1020301.001805', 174700, 0, 'ST_JADWAL', 'TSC.10', 'TLZ.DON'),
	(217, 7, 58, '2017-08-07', '010312.002312', '01.1020301.001824', 258000, 0, 'ST_JADWAL', 'TSC.10', 'TLZ.DON'),
	(218, 7, 58, '2017-08-08', '010312.002312', '01.1020301.001824', 258000, 200000, 'ST_BAYAR_PARSIAL', 'TSC.10', 'TLZ.DON'),
	(219, 7, 59, '2017-08-07', '010315.003565', '01.1020101.003191', 311000, 311000, 'ST_BAYAR', 'TSC.10', 'TLZ.DON'),
	(220, 7, 60, '2017-08-07', '010310.000622', '01.1020301.001804', 256000, 256000, 'ST_BAYAR', 'TSC.10', 'TLZ.AR'),
	(221, 7, 61, '2017-08-07', '010314.003104', '01.1020101.003274', 340500, 0, 'ST_TIDAK_DITEMUKAN', 'TSC.10', 'TLZ.AR'),
	(222, 7, 61, '2017-08-08', '010314.003104', '01.1020101.003274', 340500, 340500, 'ST_BAYAR', 'TSC.10', 'TLZ.AR'),
	(223, 7, 62, '2017-08-07', '010311.001733', '01.1020101.003165', 488000, 0, 'ST_TIDAK_BAYAR', 'TSC.10', 'TLZ.AR'),
	(224, 7, 62, '2017-08-08', '010311.001733', '01.1020101.003165', 488000, 350000, 'ST_BAYAR_PARSIAL', 'TSC.10', 'TLZ.AR'),
	(225, 7, 63, '2017-08-07', '010312.002164', '01.1020101.002817', 428000, 300000, 'ST_BAYAR_PARSIAL', 'TSC.10', 'TLZ.AR'),
	(226, 7, 64, '2017-08-07', '010314.003157', '01.1020101.003004', 486000, 0, 'ST_JADWAL', 'TSC.10', 'TLZ.HER'),
	(227, 7, 65, '2017-08-07', '010315.004494', '01.1020101.003350', 242700, 0, 'ST_JADWAL', 'TSC.10', 'TLZ.HER'),
	(228, 7, 66, '2017-08-07', '010315.003494', '01.1020301.001806', 50500, 0, 'ST_JADWAL', 'TSC.10', 'TLZ.HER'),
	(229, 8, 67, '2017-08-09', '010315.003329', '01.1020101.002898', 246000, 246000, 'ST_BAYAR', 'TSC.10', 'TLZ.DON'),
	(230, 8, 68, '2017-08-09', '010311.001991', '01.1020101.002899', 506000, 0, 'ST_JADWAL', 'TSC.10', 'TLZ.DON'),
	(231, 8, 69, '2017-08-09', '010314.003040', '01.1020101.002900', 126000, 0, 'ST_JADWAL', 'TSC.10', 'TLZ.DON'),
	(232, 8, 69, '2017-08-10', '010314.003040', '01.1020101.002900', 126000, 0, 'ST_JADWAL', 'TSC.10', 'TLZ.DON'),
	(233, 8, 70, '2017-08-09', '010315.003331', '01.1020101.002901', 148000, 148000, 'ST_BAYAR', 'TSC.10', 'TLZ.DON'),
	(234, 8, 70, '2017-08-10', '010315.003331', '01.1020101.002901', 148000, 0, '-', 'TSC.10', 'TLZ.DON'),
	(235, 8, 71, '2017-08-09', '010315.003332', '01.1020101.002902', 112000, 0, 'ST_JADWAL', 'TSC.10', 'TLZ.AR'),
	(236, 8, 72, '2017-08-09', '010312.002104', '01.1020101.002903', 664000, 0, 'ST_JADWAL', 'TSC.10', 'TLZ.AR'),
	(237, 8, 73, '2017-08-09', '010315.003334', '01.1020101.002904', 400000, 0, 'ST_JADWAL', 'TSC.10', 'TLZ.AR'),
	(238, 8, 73, '2017-08-10', '010315.003334', '01.1020101.002904', 400000, 400000, 'ST_BAYAR', 'TSC.10', 'TLZ.AR'),
	(239, 8, 74, '2017-08-09', '010313.002629', '01.1020101.002905', 996000, 0, 'ST_JADWAL', 'TSC.10', 'TLZ.AR'),
	(240, 8, 75, '2017-08-09', '010312.002409', '01.1020301.001657', 468000, 0, 'ST_JADWAL', 'TSC.10', 'TLZ.HER'),
	(241, 8, 76, '2017-08-09', '010315.003336', '01.1020101.002906', 202000, 0, 'ST_JADWAL', 'TSC.10', 'TLZ.HER'),
	(242, 8, 77, '2017-08-09', '010313.002721', '01.1020101.002907', 400000, 0, 'ST_JADWAL', 'TSC.10', 'TLZ.HER'),
	(243, 8, 78, '2017-08-09', '010313.002591', '01.1020101.002908', 169000, 0, 'ST_JADWAL', 'TSC.10', 'TLZ.HER'),
	(244, 9, 79, '2017-08-11', '010308.000040', '01.1020301.001654', 255960, 0, 'ST_TIDAK_DITEMUKAN', 'TSC.10', 'TLZ.DON'),
	(245, 9, 79, '2017-08-12', '010308.000040', '01.1020301.001654', 255960, 0, 'ST_JADWAL', 'TSC.10', 'TLZ.DON'),
	(246, 9, 80, '2017-08-11', '010311.001788', '01.1020101.002888', 239200, 239200, 'ST_BAYAR', 'TSC.10', 'TLZ.DON'),
	(247, 9, 80, '2017-08-12', '010311.001788', '01.1020101.002888', 239200, 0, '-', 'TSC.10', 'TLZ.DON'),
	(248, 9, 81, '2017-08-11', '010310.001408', '01.1020202.001056', 298480, 0, 'ST_TIDAK_BAYAR', 'TSC.10', 'TLZ.DON'),
	(249, 9, 82, '2017-08-11', '010315.003325', '01.1020101.002889', 385480, 0, 'ST_JADWAL', 'TSC.10', 'TLZ.DON'),
	(250, 9, 83, '2017-08-11', '010312.002240', '01.1020101.002890', 365960, 365960, 'ST_BAYAR', 'TSC.10', 'TLZ.AR'),
	(251, 9, 83, '2017-08-12', '010312.002240', '01.1020101.002890', 365960, 0, '-', 'TSC.10', 'TLZ.AR'),
	(252, 9, 84, '2017-08-11', '010308.000083', '01.1020101.002891', 367960, 0, 'ST_TIDAK_BAYAR', 'TSC.10', 'TLZ.AR'),
	(253, 9, 85, '2017-08-11', '010314.003173', '01.1020101.002892', 212848, 0, 'ST_TIDAK_DITEMUKAN', 'TSC.10', 'TLZ.AR'),
	(254, 9, 86, '2017-08-11', '010309.000158', '01.1020101.002893', 151096, 0, 'ST_JADWAL', 'TSC.10', 'TLZ.AR'),
	(255, 9, 86, '2017-08-12', '010309.000158', '01.1020101.002893', 151096, 151096, 'ST_BAYAR', 'TSC.10', 'TLZ.AR'),
	(256, 9, 87, '2017-08-11', '010312.002172', '01.1020301.001656', 177400, 0, 'ST_JADWAL', 'TSC.10', 'TLZ.HER'),
	(257, 9, 88, '2017-08-11', '010309.000346', '01.1020101.002895', 126648, 0, 'ST_JADWAL', 'TSC.10', 'TLZ.HER'),
	(258, 9, 88, '2017-08-12', '010309.000346', '01.1020101.002895', 126648, 0, 'ST_JADWAL', 'TSC.10', 'TLZ.HER'),
	(259, 9, 89, '2017-08-11', '010315.003327', '01.1020101.002896', 326000, 0, 'ST_JADWAL', 'TSC.10', 'TLZ.HER'),
	(260, 9, 90, '2017-08-11', '010315.003328', '01.1020101.002897', 352800, 0, 'ST_JADWAL', 'TSC.10', 'TLZ.HER'),
	(261, 10, 91, '2017-08-14', '010312.002444', '01.1020301.001652', 242250, 0, 'ST_JADWAL', 'TSC.10', 'TLZ.DON'),
	(262, 10, 92, '2017-08-14', '010315.003319', '01.1020101.002879', 114250, 0, 'ST_JADWAL', 'TSC.10', 'TLZ.DON'),
	(263, 10, 93, '2017-08-14', '010315.003320', '01.1020101.002880', 240250, 0, 'ST_JADWAL', 'TSC.10', 'TLZ.DON'),
	(264, 10, 94, '2017-08-14', '010309.000317', '01.1020101.002881', 268500, 0, 'ST_JADWAL', 'TSC.10', 'TLZ.DON'),
	(265, 10, 95, '2017-08-14', '010309.000177', '01.1020101.002882', 321000, 321000, 'ST_BAYAR', 'TSC.10', 'TLZ.AR'),
	(266, 10, 96, '2017-08-14', '010314.002976', '01.1020101.002883', 319000, 300000, 'ST_BAYAR_PARSIAL', 'TSC.10', 'TLZ.AR'),
	(267, 10, 97, '2017-08-14', '010312.002373', '01.1020101.002884', 361000, 0, 'ST_TIDAK_BAYAR', 'TSC.10', 'TLZ.AR'),
	(268, 10, 98, '2017-08-14', '010313.002620', '01.1020301.001653', 476500, 450000, 'ST_BAYAR_PARSIAL', 'TSC.10', 'TLZ.AR'),
	(269, 10, 99, '2017-08-14', '010313.002490', '01.1020101.002885', 266500, 0, 'ST_JADWAL', 'TSC.10', 'TLZ.HER'),
	(270, 10, 100, '2017-08-14', '010313.002519', '01.1020101.002886', 399750, 0, 'ST_JADWAL', 'TSC.10', 'TLZ.HER'),
	(271, 10, 101, '2017-08-14', '010314.002971', '01.1020402.000022', 130000, 0, 'ST_JADWAL', 'TSC.10', 'TLZ.HER'),
	(272, 10, 102, '2017-08-14', '010314.002988', '01.1020101.002887', 116250, 0, 'ST_JADWAL', 'TSC.10', 'TLZ.HER'),
	(273, 11, 103, '2017-08-15', '010314.003310', '01.1020101.002870', 300000, 0, 'ST_JADWAL', 'TSC.10', 'TLZ.DON'),
	(274, 11, 103, '2017-08-16', '010314.003310', '01.1020101.002870', 300000, 300000, 'ST_BAYAR', 'TSC.10', 'TLZ.DON'),
	(275, 11, 104, '2017-08-15', '010311.001112', '01.1020101.002869', 256000, 0, 'ST_JADWAL', 'TSC.10', 'TLZ.DON'),
	(276, 11, 104, '2017-08-16', '010311.001112', '01.1020101.002869', 256000, 256000, 'ST_BAYAR', 'TSC.10', 'TLZ.DON'),
	(277, 11, 105, '2017-08-15', '010314.003126', '01.1020101.002872', 266500, 0, 'ST_JADWAL', 'TSC.10', 'TLZ.DON'),
	(278, 11, 105, '2017-08-16', '010314.003126', '01.1020101.002872', 266500, 0, 'ST_JADWAL', 'TSC.10', 'TLZ.DON'),
	(279, 11, 106, '2017-08-15', '010108.001466', '01.1020202.001054', 168750, 0, 'ST_JADWAL', 'TSC.10', 'TLZ.DON'),
	(280, 11, 107, '2017-08-15', '010310.001427', '01.1020301.001651', 228600, 228600, 'ST_BAYAR', 'TSC.10', 'TLZ.AR'),
	(281, 11, 108, '2017-08-15', '010313.002608', '01.1020101.002873', 235420, 200000, 'ST_BAYAR_PARSIAL', 'TSC.10', 'TLZ.AR'),
	(282, 11, 109, '2017-08-15', '010312.002062', '01.1020202.001055', 224500, 0, 'ST_JADWAL', 'TSC.10', 'TLZ.AR'),
	(283, 11, 110, '2017-08-15', '010315.003313', '01.1020101.002874', 193000, 0, 'ST_JADWAL', 'TSC.10', 'TLZ.AR'),
	(284, 11, 111, '2017-08-15', '010311.001077', '01.1020101.002875', 151840, 0, 'ST_JADWAL', 'TSC.10', 'TLZ.HER'),
	(285, 11, 112, '2017-08-15', '010212.002368', '01.1020101.002876', 279000, 0, 'ST_JADWAL', 'TSC.10', 'TLZ.HER'),
	(286, 11, 112, '2017-08-16', '010212.002368', '01.1020101.002876', 279000, 0, 'ST_JADWAL', 'TSC.10', 'TLZ.HER'),
	(287, 11, 113, '2017-08-15', '010313.002776', '01.1020101.002877', 151000, 0, 'ST_JADWAL', 'TSC.10', 'TLZ.HER'),
	(288, 11, 113, '2017-08-16', '010313.002776', '01.1020101.002877', 151000, 0, 'ST_JADWAL', 'TSC.10', 'TLZ.HER'),
	(289, 11, 114, '2017-08-15', '010314.003083', '01.1020101.002878', 390300, 0, 'ST_JADWAL', 'TSC.10', 'TLZ.HER'),
	(290, 12, 115, '2017-08-16', '010312.002435', '01.1020101.002863', 145230, 0, 'ST_JADWAL', 'TSC.10', 'TLZ.DON'),
	(291, 12, 116, '2017-08-16', '010309.000323', '01.1020101.002864', 142600, 0, 'ST_JADWAL', 'TSC.10', 'TLZ.DON'),
	(292, 12, 116, '2017-08-17', '010309.000323', '01.1020101.002864', 142600, 0, 'ST_JADWAL', 'TSC.10', 'TLZ.DON'),
	(293, 12, 117, '2017-08-16', '010313.002490', '01.1020301.001648', 298000, 298000, 'ST_BAYAR', 'TSC.10', 'TLZ.DON'),
	(294, 12, 118, '2017-08-16', '010310.000720', '01.1020101.002865', 219040, 200000, 'ST_BAYAR_PARSIAL', 'TSC.10', 'TLZ.AR'),
	(295, 12, 119, '2017-08-16', '010313.002584', '01.1020101.002866', 388300, 388300, 'ST_BAYAR', 'TSC.10', 'TLZ.AR'),
	(296, 12, 120, '2017-08-16', '010314.003038', '01.1020101.002867', 382000, 0, 'ST_TIDAK_BAYAR', 'TSC.10', 'TLZ.AR'),
	(297, 12, 121, '2017-08-16', '010314.003287', '01.1020301.001649', 152580, 0, 'ST_JADWAL', 'TSC.10', 'TLZ.HER'),
	(298, 12, 121, '2017-08-17', '010314.003287', '01.1020301.001649', 152580, 0, 'ST_JADWAL', 'TSC.10', 'TLZ.HER'),
	(299, 12, 122, '2017-08-16', '010314.003288', '01.1020301.001650', 361000, 0, 'ST_JADWAL', 'TSC.10', 'TLZ.HER'),
	(300, 12, 122, '2017-08-17', '010314.003288', '01.1020301.001650', 361000, 0, 'ST_JADWAL', 'TSC.10', 'TLZ.HER'),
	(301, 12, 123, '2017-08-16', '010314.003308', '01.1020101.002868', 283704, 0, 'ST_JADWAL', 'TSC.10', 'TLZ.HER'),
	(302, 13, 124, '2017-08-18', '010313.002875', '01.1020101.002854', 121500, 121500, 'ST_BAYAR', 'TSC.10', 'TLZ.DON'),
	(303, 13, 125, '2017-08-18', '010310.000684', '01.1020101.002855', 190800, 0, 'ST_JADWAL', 'TSC.10', 'TLZ.DON'),
	(304, 13, 126, '2017-08-18', '010313.002853', '01.1020101.002856', 218940, 218940, 'ST_BAYAR', 'TSC.10', 'TLZ.DON'),
	(305, 13, 127, '2017-08-18', '010310.000866', '01.1020101.002857', 699420, 600000, 'ST_BAYAR_PARSIAL', 'TSC.10', 'TLZ.AR'),
	(306, 13, 128, '2017-08-18', '010314.003133', '01.1020101.002858', 268500, 268500, 'ST_BAYAR', 'TSC.10', 'TLZ.AR'),
	(307, 13, 129, '2017-08-18', '010314.003282', '01.1020101.002859', 213900, 213900, 'ST_BAYAR', 'TSC.10', 'TLZ.AR'),
	(308, 13, 130, '2017-08-18', '010314.003283', '01.1020101.002860', 375600, 0, 'ST_JADWAL', 'TSC.10', 'TLZ.HER'),
	(309, 13, 130, '2017-08-19', '010314.003283', '01.1020101.002860', 375600, 0, 'ST_JADWAL', 'TSC.10', 'TLZ.HER'),
	(310, 13, 131, '2017-08-18', '010314.003084', '01.1020101.002861', 144684, 0, 'ST_JADWAL', 'TSC.10', 'TLZ.HER'),
	(311, 13, 131, '2017-08-19', '010314.003084', '01.1020101.002861', 144684, 0, 'ST_JADWAL', 'TSC.10', 'TLZ.HER'),
	(312, 13, 132, '2017-08-18', '010313.002532', '01.1020101.002862', 111000, 0, 'ST_JADWAL', 'TSC.10', 'TLZ.HER'),
	(313, 14, 133, '2017-08-22', '010313.002561', '01.1020101.002758', 573000, 573000, 'ST_BAYAR', 'TSC.10', 'TLZ.DON'),
	(314, 14, 134, '2017-08-22', '010311.001922', '01.1020101.002759', 284800, 284800, 'ST_BAYAR', 'TSC.10', 'TLZ.DON'),
	(315, 14, 135, '2017-08-22', '010314.003201', '01.1020101.002760', 87000, 0, 'ST_JADWAL', 'TSC.10', 'TLZ.DON'),
	(316, 14, 136, '2017-08-22', '010308.001227', '01.1020101.002761', 109300, 109300, 'ST_BAYAR', 'TSC.10', 'TLZ.AR'),
	(317, 14, 137, '2017-08-22', '010313.002732', '01.1020101.002762', 340800, 300000, 'ST_BAYAR_PARSIAL', 'TSC.10', 'TLZ.AR'),
	(318, 14, 138, '2017-08-22', '010309.001597', '01.1020301.001616', 340960, 340960, 'ST_BAYAR', 'TSC.10', 'TLZ.AR'),
	(319, 14, 139, '2017-08-22', '010313.002490', '01.1020301.001617', 382000, 0, 'ST_JADWAL', 'TSC.10', 'TLZ.HER'),
	(320, 14, 140, '2017-08-22', '010309.000365', '01.1020101.002763', 168000, 0, 'ST_JADWAL', 'TSC.10', 'TLZ.HER'),
	(321, 14, 141, '2017-08-22', '010311.001984', '01.1020101.002764', 195000, 0, 'ST_JADWAL', 'TSC.10', 'TLZ.HER'),
	(322, 14, 142, '2017-08-23', '010314.003205', '01.1020101.002765', 233016, 0, 'ST_JADWAL', 'TSC.10', 'TLZ.DON'),
	(323, 14, 143, '2017-08-23', '010310.000607', '01.1020101.002766', 133600, 0, 'ST_JADWAL', 'TSC.10', 'TLZ.DON'),
	(324, 14, 144, '2017-08-23', '010309.000415', '01.1020301.001618', 286800, 0, 'ST_JADWAL', 'TSC.10', 'TLZ.DON'),
	(325, 14, 145, '2017-08-23', '010314.003206', '01.1020301.001619', 411000, 411000, 'ST_BAYAR', 'TSC.10', 'TLZ.AR'),
	(326, 14, 146, '2017-08-23', '010313.002684', '01.1020101.002767', 209200, 200000, 'ST_BAYAR_PARSIAL', 'TSC.10', 'TLZ.AR'),
	(327, 14, 147, '2017-08-23', '010313.002519', '01.1020101.002768', 254400, 0, 'ST_JADWAL', 'TSC.10', 'TLZ.AR'),
	(328, 14, 148, '2017-08-23', '010311.001189', '01.1020301.001620', 376600, 0, 'ST_JADWAL', 'TSC.10', 'TLZ.HER'),
	(329, 14, 149, '2017-08-23', '010313.002840', '01.1020301.001621', 247000, 0, 'ST_JADWAL', 'TSC.10', 'TLZ.HER'),
	(330, 14, 150, '2017-08-23', '010311.001756', '01.1020301.001622', 193000, 0, 'ST_JADWAL', 'TSC.10', 'TLZ.HER'),
	(331, 14, 151, '2017-08-24', '010309.000331', '01.1020101.002769', 168000, 0, 'ST_JADWAL', 'TSC.10', 'TLZ.DON'),
	(332, 14, 152, '2017-08-24', '010308.000148', '01.1020301.001623', 234580, 0, 'ST_JADWAL', 'TSC.10', 'TLZ.DON'),
	(333, 14, 153, '2017-08-24', '010309.000360', '01.1020101.002770', 247000, 0, 'ST_JADWAL', 'TSC.10', 'TLZ.DON'),
	(334, 14, 154, '2017-08-24', '010210.001491', '01.1020101.002771', 170700, 170700, 'ST_BAYAR', 'TSC.10', 'TLZ.AR'),
	(335, 14, 155, '2017-08-24', '010308.000050', '01.1020301.001624', 344200, 300000, 'ST_BAYAR_PARSIAL', 'TSC.10', 'TLZ.AR'),
	(336, 14, 156, '2017-08-24', '010314.003209', '01.1020101.002772', 232960, 232960, 'ST_BAYAR', 'TSC.10', 'TLZ.AR'),
	(337, 14, 157, '2017-08-24', '010314.003210', '01.1020101.002773', 396800, 0, 'ST_JADWAL', 'TSC.10', 'TLZ.HER'),
	(338, 14, 158, '2017-08-24', '010310.000799', '01.1020101.002774', 301000, 0, 'ST_JADWAL', 'TSC.10', 'TLZ.HER'),
	(339, 14, 159, '2017-08-24', '010314.003217', '01.1020101.002775', 317200, 0, 'ST_JADWAL', 'TSC.10', 'TLZ.HER'),
	(340, 14, 160, '2017-08-25', '010314.003217', '01.1020301.001625', 342960, 342960, 'ST_BAYAR', 'TSC.10', 'TLZ.DON'),
	(341, 14, 161, '2017-08-25', '010314.003221', '01.1020101.002776', 257640, 0, 'ST_JADWAL', 'TSC.10', 'TLZ.DON'),
	(342, 14, 162, '2017-08-25', '010309.000200', '01.1020101.002777', 360400, 0, 'ST_JADWAL', 'TSC.10', 'TLZ.DON'),
	(343, 14, 163, '2017-08-25', '010310.000766', '01.1020301.001626', 166000, 166000, 'ST_BAYAR', 'TSC.10', 'TLZ.AR'),
	(344, 14, 164, '2017-08-25', '010309.000416', '01.1020101.002778', 338800, 338800, 'ST_BAYAR', 'TSC.10', 'TLZ.AR'),
	(345, 14, 165, '2017-08-25', '010309.000355', '01.1020101.002779', 166000, 166000, 'ST_BAYAR', 'TSC.10', 'TLZ.AR'),
	(346, 14, 166, '2017-08-25', '010312.002139', '01.1020101.002780', 238200, 0, 'ST_JADWAL', 'TSC.10', 'TLZ.HER'),
	(347, 14, 167, '2017-08-25', '010312.002209', '01.1020301.001627', 346200, 0, 'ST_JADWAL', 'TSC.10', 'TLZ.HER'),
	(348, 14, 168, '2017-08-25', '010314.003207', '01.1020101.002781', 232800, 0, 'ST_JADWAL', 'TSC.10', 'TLZ.HER'),
	(349, 14, 169, '2017-08-26', '010313.002752', '01.1020301.001628', 519000, 519000, 'ST_BAYAR', 'TSC.10', 'TLZ.DON'),
	(350, 14, 170, '2017-08-26', '010310.000899', '01.1020101.002782', 352300, 0, 'ST_JADWAL', 'TSC.10', 'TLZ.DON'),
	(351, 14, 171, '2017-08-26', '010310.000966', '01.1020101.002783', 268600, 268600, 'ST_BAYAR', 'TSC.10', 'TLZ.DON'),
	(352, 14, 172, '2017-08-26', '010314.002955', '01.1020301.001629', 409000, 409000, 'ST_BAYAR', 'TSC.10', 'TLZ.AR'),
	(353, 14, 173, '2017-08-26', '010314.003227', '01.1020101.002784', 270600, 270600, 'ST_BAYAR', 'TSC.10', 'TLZ.AR'),
	(354, 14, 174, '2017-08-26', '010313.002800', '01.1020101.002785', 247000, 247000, 'ST_BAYAR', 'TSC.10', 'TLZ.AR'),
	(355, 14, 175, '2017-08-26', '010308.000090', '01.1020101.002786', 254400, 0, 'ST_JADWAL', 'TSC.10', 'TLZ.HER'),
	(356, 14, 176, '2017-08-26', '010311.001994', '01.1020101.002787', 140080, 0, 'ST_JADWAL', 'TSC.10', 'TLZ.HER'),
	(357, 14, 177, '2017-08-26', '010311.001931', '01.1020101.002788', 346200, 0, 'ST_JADWAL', 'TSC.10', 'TLZ.HER'),
	(358, 15, 178, '2017-11-22', '010313.002875', '01.1020101.002854', 121500, 0, 'ST_JADWAL', 'TSC.012IDA', 'ida.001'),
	(359, 15, 179, '2017-11-22', '010310.000684', '01.1020101.002855', 190800, 0, 'ST_JADWAL', 'TSC.012IDA', 'ida.001'),
	(360, 15, 180, '2017-11-22', '010313.002853', '01.1020101.002856', 218940, 0, 'ST_JADWAL', 'TSC.012IDA', 'ida.001'),
	(361, 15, 181, '2017-11-22', '010310.000866', '01.1020101.002857', 699420, 300000, 'ST_BAYAR_PARSIAL', 'TSC.012IDA', 'ida.002'),
	(362, 15, 182, '2017-11-22', '010314.003133', '01.1020101.002858', 268500, 0, 'ST_JADWAL', 'TSC.012IDA', 'ida.002'),
	(363, 15, 183, '2017-11-22', '010314.003282', '01.1020101.002859', 213900, 0, 'ST_JADWAL', 'TSC.012IDA', 'ida.002'),
	(364, 15, 184, '2017-11-22', '010314.003283', '01.1020101.002860', 375600, 0, 'ST_JADWAL', 'TSC.012IDA', 'ida.003'),
	(365, 202, 202, '2017-11-23', '010314.003283', '01.1020101.002860', 375600, 10, 'ST_BAYAR_PARSIAL', 'TSC.012IDA', 'ida.003'),
	(366, 15, 185, '2017-11-22', '010314.003084', '01.1020101.002861', 144684, 0, 'ST_JADWAL', 'TSC.012IDA', 'ida.003'),
	(367, 203, 203, '2017-11-23', '010314.003084', '01.1020101.002861', 144684, 100, 'ST_BAYAR_PARSIAL', 'TSC.012IDA', 'ida.003'),
	(368, 15, 186, '2017-11-22', '010313.002532', '01.1020101.002862', 111000, 0, 'ST_JADWAL', 'TSC.012IDA', 'ida.003'),
	(398, 25, 214, '2017-11-27', '010313.002875', '01.1020101.002854', 1, 1, 'ST_BAYAR', 'TSC.012IDA', 'ida.001'),
	(399, 25, 215, '2017-11-27', '010310.000684', '01.1020101.002855', 1, 1, 'ST_BAYAR', 'TSC.012IDA', 'ida.001'),
	(400, 25, 216, '2017-11-27', '010310.000866', '01.1020101.002857', 1, 1, 'ST_BAYAR', 'TSC.012IDA', 'ida.002'),
	(401, 25, 217, '2017-11-27', '010314.003133', '01.1020101.002858', 1, 0, 'ST_JADWAL', 'TSC.012IDA', 'ida.002'),
	(402, 25, 218, '2017-11-27', '010314.003283', '01.1020101.002860', 1, 1, 'ST_BAYAR', 'TSC.012IDA', 'ida.003'),
	(403, 25, 218, '2017-11-28', '010314.003283', '01.1020101.002860', 1, 0, '-', 'TSC.012IDA', 'ida.003'),
	(404, 25, 219, '2017-11-27', '010314.003084', '01.1020101.002861', 1, 1, 'ST_BAYAR', 'TSC.012IDA', 'ida.003'),
	(405, 25, 219, '2017-11-28', '010314.003084', '01.1020101.002861', 1, 0, '-', 'TSC.012IDA', 'ida.003'),
	(406, 229, 229, '2017-11-29', '010313.002875', '01.1020101.002854', 1, 1, 'ST_BAYAR', 'TSC.012IDA', 'ida.001'),
	(407, 230, 230, '2017-11-29', '010310.000684', '01.1020101.002855', 1, 0, 'ST_JADWAL', 'TSC.012IDA', 'ida.001'),
	(408, 231, 231, '2017-11-29', '010310.000866', '01.1020101.002857', 1, 1, 'ST_BAYAR', 'TSC.012IDA', 'ida.002'),
	(414, 30, 232, '2017-11-29', '010314.003133', '01.1020101.002858', 1, 0, 'ST_JADWAL', 'TSC.012IDA', 'ida.002'),
	(415, 30, 233, '2017-11-29', '010314.003283', '01.1020101.002860', 1, 1, 'ST_BAYAR', 'TSC.012IDA', 'ida.003'),
	(416, 269, 269, '2017-11-30', '010314.003283', '01.1020101.002860', 1, 0, '-', 'TSC.012IDA', 'ida.003'),
	(417, 30, 234, '2017-11-29', '010314.003084', '01.1020101.002861', 1, 1, 'ST_BAYAR', 'TSC.012IDA', 'ida.003'),
	(418, 270, 270, '2017-11-30', '010314.003084', '01.1020101.002861', 1, 0, '-', 'TSC.012IDA', 'ida.003'),
	(425, 265, 265, '2017-11-30', '010313.002875', '01.1020101.002854', 1, 0, 'ST_JADWAL', 'TSC.012IDA', 'ida.001'),
	(426, 266, 266, '2017-11-30', '010310.000684', '01.1020101.002855', 1, 0, 'ST_JADWAL', 'TSC.012IDA', 'ida.001'),
	(427, 267, 267, '2017-11-30', '010310.000866', '01.1020101.002857', 1, 1, 'ST_BAYAR', 'TSC.012IDA', 'ida.002'),
	(428, 268, 268, '2017-11-30', '010314.003133', '01.1020101.002858', 1, 0, 'ST_JADWAL', 'TSC.012IDA', 'ida.002'),
	(429, 269, 269, '2017-12-01', '010314.003283', '01.1020101.002860', 1, 0, 'ST_JADWAL', 'TSC.012IDA', 'ida.003'),
	(430, 270, 270, '2017-12-01', '010314.003084', '01.1020101.002861', 1, 0, 'ST_JADWAL', 'TSC.012IDA', 'ida.003'),
	(431, 37, 271, '2017-12-02', '010313.002875', '01.1020101.002854', 1, 0, 'ST_JADWAL', 'TSC.012IDA', 'ida.001'),
	(432, 37, 272, '2017-12-02', '010310.000684', '01.1020101.002855', 1, 0, 'ST_JADWAL', 'TSC.012IDA', 'ida.001'),
	(433, 37, 273, '2017-12-02', '010310.000866', '01.1020101.002857', 1, 0, 'ST_JADWAL', 'TSC.012IDA', 'ida.002'),
	(434, 37, 274, '2017-12-02', '010314.003133', '01.1020101.002858', 1, 0, 'ST_JADWAL', 'TSC.012IDA', 'ida.002'),
	(435, 37, 275, '2017-12-02', '010314.003283', '01.1020101.002860', 1, 0, 'ST_JADWAL', 'TSC.012IDA', 'ida.003'),
	(436, 37, 275, '2017-12-03', '010314.003283', '01.1020101.002860', 1, 0, 'ST_JADWAL', 'TSC.012IDA', 'ida.003'),
	(437, 37, 276, '2017-12-02', '010314.003084', '01.1020101.002861', 1, 0, 'ST_JADWAL', 'TSC.012IDA', 'ida.003'),
	(438, 37, 276, '2017-12-03', '010314.003084', '01.1020101.002861', 1, 0, 'ST_JADWAL', 'TSC.012IDA', 'ida.003'),
	(439, 38, 277, '2017-12-04', '010313.002875', '01.1020101.002854', 1, 1, 'ST_BAYAR', 'TSC.012IDA', 'ida.001'),
	(440, 38, 278, '2017-12-04', '010310.000684', '01.1020101.002855', 1, 0, 'ST_JADWAL', 'TSC.012IDA', 'ida.001'),
	(441, 38, 279, '2017-12-04', '010310.000866', '01.1020101.002857', 1, 0, 'ST_JADWAL', 'TSC.012IDA', 'ida.002'),
	(442, 38, 280, '2017-12-04', '010314.003133', '01.1020101.002858', 1, 0, 'ST_JADWAL', 'TSC.012IDA', 'ida.002'),
	(443, 38, 281, '2017-12-04', '010314.003283', '01.1020101.002860', 1, 0, 'ST_JADWAL', 'TSC.012IDA', 'ida.003'),
	(444, 287, 287, '2017-12-05', '010314.003283', '01.1020101.002860', 1, 0, 'ST_JADWAL', 'TSC.012IDA', 'ida.003'),
	(445, 38, 282, '2017-12-04', '010314.003084', '01.1020101.002861', 1, 0, 'ST_JADWAL', 'TSC.012IDA', 'ida.003'),
	(446, 288, 288, '2017-12-05', '010314.003084', '01.1020101.002861', 1, 0, 'ST_JADWAL', 'TSC.012IDA', 'ida.003'),
	(447, 39, 283, '2017-12-05', '010313.002875', '01.1020101.002854', 1, 0, 'ST_JADWAL', 'TSC.012IDA', 'ida.001'),
	(448, 39, 284, '2017-12-05', '010310.000684', '01.1020101.002855', 1, 0, 'ST_JADWAL', 'TSC.012IDA', 'ida.001'),
	(449, 39, 285, '2017-12-05', '010310.000866', '01.1020101.002857', 1, 0, 'ST_JADWAL', 'TSC.012IDA', 'ida.002'),
	(450, 39, 286, '2017-12-05', '010314.003133', '01.1020101.002858', 1, 0, 'ST_JADWAL', 'TSC.012IDA', 'ida.002'),
	(451, 39, 287, '2017-12-06', '010314.003283', '01.1020101.002860', 1, 0, 'ST_JADWAL', 'TSC.012IDA', 'ida.003'),
	(452, 39, 288, '2017-12-06', '010314.003084', '01.1020101.002861', 1, 0, 'ST_JADWAL', 'TSC.012IDA', 'ida.003'),
	(453, 40, 289, '2018-01-18', '010313.002875', '01.1020101.002854', 1, 0, 'ST_JADWAL', 'TSC.012IDA', 'ida.001'),
	(454, 40, 290, '2018-01-18', '010313.002876', '01.1020101.002855', 1, 0, 'ST_JADWAL', 'TSC.012IDA', 'ida.001'),
	(455, 40, 291, '2018-01-18', '010313.002877', '01.1020101.002856', 1, 0, 'ST_JADWAL', 'TSC.012IDA', 'ida.001'),
	(456, 40, 292, '2018-01-18', '010313.002878', '01.1020101.002857', 1, 0, 'ST_JADWAL', 'TSC.012IDA', 'ida.002'),
	(457, 40, 293, '2018-01-18', '010313.002879', '01.1020101.002858', 1, 0, 'ST_JADWAL', 'TSC.012IDA', 'ida.002'),
	(458, 40, 294, '2018-01-18', '010313.002880', '01.1020101.002859', 1, 0, 'ST_JADWAL', 'TSC.012IDA', 'ida.002'),
	(459, 40, 295, '2018-01-18', '010313.002881', '01.1020101.002860', 1, 0, 'ST_JADWAL', 'TSC.012IDA', 'ida.003'),
	(460, 40, 296, '2018-01-18', '010313.002882', '01.1020101.002861', 1, 0, 'ST_JADWAL', 'TSC.012IDA', 'ida.003'),
	(461, 41, 297, '2018-02-17', '010315.003674', '01.1020101.003277', 306000, 306000, 'ST_BAYAR', 'TSC.002', 'CANMF.AST.001'),
	(462, 41, 297, '2018-02-18', '010315.003674', '01.1020101.003277', 306000, 0, '-', 'TSC.002', 'CANMF.AST.001'),
	(463, 41, 297, '2018-02-19', '010315.003674', '01.1020101.003277', 306000, 0, '-', 'TSC.002', 'CANMF.AST.001'),
	(464, 41, 298, '2018-02-17', '010215.003736', '01.1020301.001805', 174700, 174700, 'ST_BAYAR', 'TSC.002', 'CANMF.AST.001'),
	(465, 41, 299, '2018-02-17', '010312.002312', '01.1020301.001824', 258000, 258000, 'ST_BAYAR', 'TSC.002', 'CANMF.AST.001'),
	(466, 41, 299, '2018-02-18', '010312.002312', '01.1020301.001824', 258000, 0, '-', 'TSC.002', 'CANMF.AST.001'),
	(467, 41, 300, '2018-02-17', '010315.003565', '01.1020101.003191', 311000, 0, 'ST_JADWAL', 'TSC.002', 'CANMF.AST.001'),
	(468, 41, 300, '2018-02-18', '010315.003565', '01.1020101.003191', 311000, 0, 'ST_JADWAL', 'TSC.002', 'CANMF.AST.001'),
	(469, 41, 300, '2018-02-19', '010315.003565', '01.1020101.003191', 311000, 0, 'ST_JADWAL', 'TSC.002', 'CANMF.AST.001'),
	(470, 41, 301, '2018-02-17', '010310.000622', '01.1020301.001804', 256000, 0, 'ST_JADWAL', 'TSC.002', 'CANMF.AST.003'),
	(471, 41, 301, '2018-02-18', '010310.000622', '01.1020301.001804', 256000, 0, 'ST_JADWAL', 'TSC.002', 'CANMF.AST.003'),
	(472, 41, 302, '2018-02-17', '010314.003104', '01.1020101.003274', 340500, 200000, 'ST_BAYAR_PARSIAL', 'TSC.002', 'CANMF.AST.003'),
	(473, 41, 302, '2018-02-18', '010314.003104', '01.1020101.003274', 340500, 0, 'ST_JADWAL', 'TSC.002', 'CANMF.AST.003'),
	(474, 41, 302, '2018-02-19', '010314.003104', '01.1020101.003274', 340500, 0, 'ST_JADWAL', 'TSC.002', 'CANMF.AST.003'),
	(475, 41, 303, '2018-02-17', '010311.001733', '01.1020101.003165', 488000, 0, 'ST_JADWAL', 'TSC.002', 'CANMF.AST.003'),
	(476, 41, 303, '2018-02-18', '010311.001733', '01.1020101.003165', 488000, 0, 'ST_JADWAL', 'TSC.002', 'CANMF.AST.003'),
	(477, 41, 303, '2018-02-19', '010311.001733', '01.1020101.003165', 488000, 0, 'ST_JADWAL', 'TSC.002', 'CANMF.AST.003'),
	(478, 41, 303, '2018-02-20', '010311.001733', '01.1020101.003165', 488000, 0, 'ST_JADWAL', 'TSC.002', 'CANMF.AST.003'),
	(479, 41, 304, '2018-02-17', '010312.002164', '01.1020101.002817', 428000, 0, 'ST_JADWAL', 'TSC.002', 'CANMF.AST.003'),
	(480, 41, 304, '2018-02-18', '010312.002164', '01.1020101.002817', 428000, 0, 'ST_JADWAL', 'TSC.002', 'CANMF.AST.003'),
	(481, 41, 304, '2018-02-19', '010312.002164', '01.1020101.002817', 428000, 0, 'ST_JADWAL', 'TSC.002', 'CANMF.AST.003'),
	(482, 41, 304, '2018-02-20', '010312.002164', '01.1020101.002817', 428000, 0, 'ST_JADWAL', 'TSC.002', 'CANMF.AST.003'),
	(483, 41, 305, '2018-02-17', '010314.003157', '01.1020101.003004', 486000, 0, 'ST_JADWAL', 'TSC.002', 'CANMF.AST.004'),
	(484, 41, 305, '2018-02-18', '010314.003157', '01.1020101.003004', 486000, 0, 'ST_JADWAL', 'TSC.002', 'CANMF.AST.004'),
	(485, 41, 305, '2018-02-19', '010314.003157', '01.1020101.003004', 486000, 0, 'ST_JADWAL', 'TSC.002', 'CANMF.AST.004'),
	(486, 41, 305, '2018-02-20', '010314.003157', '01.1020101.003004', 486000, 0, 'ST_JADWAL', 'TSC.002', 'CANMF.AST.004'),
	(487, 41, 306, '2018-02-17', '010315.003494', '01.1020101.003350', 242700, 0, 'ST_JADWAL', 'TSC.002', 'CANMF.AST.004'),
	(488, 41, 306, '2018-02-18', '010315.003494', '01.1020101.003350', 242700, 0, 'ST_JADWAL', 'TSC.002', 'CANMF.AST.004'),
	(489, 41, 307, '2018-02-17', '010315.003494', '01.1020301.001806', 50500, 0, 'ST_JADWAL', 'TSC.002', 'CANMF.AST.004');
/*!40000 ALTER TABLE `coll_jadwal` ENABLE KEYS */;


-- Dumping structure for table collect.coll_perusahaan
CREATE TABLE IF NOT EXISTS `coll_perusahaan` (
  `PRSH_ID` varchar(10) NOT NULL,
  `PRSH_NAMA` varchar(80) NOT NULL,
  `PRSH_ALAMAT` varchar(150) NOT NULL DEFAULT '-',
  `PRSH_KOTA` varchar(100) NOT NULL DEFAULT '-',
  `PRSH_PIC_NAMA` varchar(80) NOT NULL DEFAULT '-',
  `PRSH_PIC_TELP` varchar(20) NOT NULL DEFAULT '-',
  `PRSH_STATUS_AKTIF` varchar(20) DEFAULT 'Y' COMMENT 'coll_referensi : DEFAULT_YES_NO',
  `PRSH_REGISTRAR_U_ID` varchar(35) NOT NULL COMMENT 'User ID yg mendaftarkan perusahaan',
  `PRSH_IMG_PATH` varchar(200) DEFAULT '-',
  PRIMARY KEY (`PRSH_ID`)
) ENGINE=InnoDB DEFAULT CHARSET=latin1;

-- Dumping data for table collect.coll_perusahaan: ~14 rows (approximately)
DELETE FROM `coll_perusahaan`;
/*!40000 ALTER TABLE `coll_perusahaan` DISABLE KEYS */;
INSERT INTO `coll_perusahaan` (`PRSH_ID`, `PRSH_NAMA`, `PRSH_ALAMAT`, `PRSH_KOTA`, `PRSH_PIC_NAMA`, `PRSH_PIC_TELP`, `PRSH_STATUS_AKTIF`, `PRSH_REGISTRAR_U_ID`, `PRSH_IMG_PATH`) VALUES
	('ASBA', 'PT. Asba', 'Alamat', 'Kota', 'Contact Person', '081232323', 'Y', '', 'uploads/logo-d298bcfe0e.png'),
	('CMP001', 'Company 001', 'Jl. Alamat 123', 'Kota 123', 'Udin 123', '83473874', 'Y', 'ADM.001', '-'),
	('CMP002', 'Company 002', 'Alamat 002', 'Kota 002', 'Mandor 002', '0384384', 'Y', 'ADM.001', 'uploads/logo-3f7ed0989c.jpg'),
	('MURIA', 'Koperasi Muria', 'Jl. Raya Pati Juwana KM.1', 'Pati', 'Burham Suciyanto', '08112900513', 'Y', 'ADM.001', 'uploads/logo-1.png'),
	('TR01', 'Trastel', 'Banyumanik', 'Semarang', 'Donie', '085640305747', 'Y', 'ADM.001', '-'),
	('TSC.001', 'TSC 001', 'Alamat', 'Kota', 'PJ 001', '238929', 'Y', 'ADM.001', 'uploads/logo-9f24a0b125.png'),
	('TSC.002', 'CAN Multi Finance', 'Jalan Sentiaki Raya', 'Semarang', 'Mahardika Nugraha', '082220128072', 'Y', 'ADM.001', 'uploads/logo-daa796da92.png'),
	('TSC.008', 'IKITAS 02', 'Bukit Unggul', 'Semarang', 'HHHHH', '232323', 'Y', 'ADM.001', 'uploads/logo-40b0503aea.png'),
	('TSC.009', 'TESTING B', 'ASFDF', 'DFDFD', 'Dudi', '837878', 'Y', 'ADM.001', 'uploads/logo-aae13198dc.png'),
	('TSC.011', 'KSP ARTHA SUKSES', 'Ungaran ', 'Ungaran ', 'Supervisor ksp artha sukses ', '024', 'Y', 'ADM.001', '-'),
	('TSC.012IDA', 'ida catering', 'jalan gajah mungkur 23', 'semarang', 'herman s', '0815 7895 365', 'Y', 'ADM.001', '-'),
	('TSC.013IDA', 'CV.Ida Catering', 'Jl. Agung ', 'Semarang', 'Saras', '024 8302444', 'Y', 'ADM.001', '-'),
	('TSC.014KFC', 'kentucky', 'srondol', 'smrg', 'siswanto', '8`56777', 'Y', 'ADM.001', '-'),
	('TSC.10', 'Trastel Lancar Rezeki ', 'Jalan Cemara IV No. 8, Banyumanik', 'Semarang', 'Doni ', '085640305747', 'Y', 'ADM.001', 'uploads/logo-75d2b89c58.jpg');
/*!40000 ALTER TABLE `coll_perusahaan` ENABLE KEYS */;


-- Dumping structure for table collect.coll_pinjaman
CREATE TABLE IF NOT EXISTS `coll_pinjaman` (
  `PINJ_ID` varchar(35) NOT NULL,
  `CUST_ID` varchar(35) NOT NULL,
  `PINJ_MASA_KREDIT` varchar(20) DEFAULT NULL,
  `PINJ_TGL_KREDIT` date DEFAULT '0000-00-00',
  PRIMARY KEY (`PINJ_ID`),
  KEY `J_CUST_ID` (`CUST_ID`)
) ENGINE=InnoDB DEFAULT CHARSET=latin1 ROW_FORMAT=COMPACT;

-- Dumping data for table collect.coll_pinjaman: ~155 rows (approximately)
DELETE FROM `coll_pinjaman`;
/*!40000 ALTER TABLE `coll_pinjaman` DISABLE KEYS */;
INSERT INTO `coll_pinjaman` (`PINJ_ID`, `CUST_ID`, `PINJ_MASA_KREDIT`, `PINJ_TGL_KREDIT`) VALUES
	('01.1020101.002581', '010308.000119', '12 Bulan', '2016-05-14'),
	('01.1020101.002634', '010310.000777', '6 Bulan', '2017-01-01'),
	('01.1020101.002712', '010314.003152', '6 Bulan', '2016-05-14'),
	('01.1020101.002758', '010313.002561', '18 Bulan', '2017-03-19'),
	('01.1020101.002759', '010311.001922', '12 Bulan', '2017-02-02'),
	('01.1020101.002760', '010314.003201', '24 Bulan', '2017-05-19'),
	('01.1020101.002761', '010308.001227', '12 Bulan', '2017-04-20'),
	('01.1020101.002762', '010313.002732', '24 Bulan', '2017-03-19'),
	('01.1020101.002763', '010309.000365', '24 Bulan', '2017-02-19'),
	('01.1020101.002764', '010311.001984', '12 Bulan', '2017-03-19'),
	('01.1020101.002765', '010314.003205', '24 Bulan', '2017-02-20'),
	('01.1020101.002766', '010310.000607', '12 Bulan', '2017-04-21'),
	('01.1020101.002767', '010313.002684', '12 Bulan', '2017-04-21'),
	('01.1020101.002768', '010313.002519', '24 Bulan', '2017-03-20'),
	('01.1020101.002769', '010309.000331', '18 Bulan', '2017-04-21'),
	('01.1020101.002770', '010309.000360', '24 Bulan', '2017-04-22'),
	('01.1020101.002771', '010210.001491', '12 Bulan', '2017-06-21'),
	('01.1020101.002772', '010314.003209', '18 Bulan', '2017-01-22'),
	('01.1020101.002773', '010314.003210', '12 Bulan', '2017-04-20'),
	('01.1020101.002774', '010310.000799', '12 Bulan', '2017-05-22'),
	('01.1020101.002775', '010314.003217', '24 Bulan', '2017-03-22'),
	('01.1020101.002776', '010314.003221', '24 Bulan', '2017-04-22'),
	('01.1020101.002777', '010309.000200', '12 Bulan', '2017-05-23'),
	('01.1020101.002778', '010309.000416', '12 Bulan', '2017-04-23'),
	('01.1020101.002779', '010309.000355', '24 Bulan', '2017-04-23'),
	('01.1020101.002780', '010312.002139', '12 Bulan', '2017-03-22'),
	('01.1020101.002781', '010314.003207', '24 Bulan', '2017-03-22'),
	('01.1020101.002782', '010310.000899', '12 Bulan', '2017-05-24'),
	('01.1020101.002783', '010310.000966', '24 Bulan', '2017-05-24'),
	('01.1020101.002784', '010314.003227', '18 Bulan', '2017-05-23'),
	('01.1020101.002785', '010313.002800', '12 Bulan', '2017-03-24'),
	('01.1020101.002786', '010308.000090', '24 Bulan', '2017-04-23'),
	('01.1020101.002787', '010311.001994', '12 Bulan', '2017-03-24'),
	('01.1020101.002788', '010311.001931', '12 Bulan', '2017-04-23'),
	('01.1020101.002817', '010312.002164', '6 Bulan', '2017-05-26'),
	('01.1020101.002854', '010313.002875', '12 Bulan', '2017-03-15'),
	('01.1020101.002855', '010310.000684', '12 Bulan', '2017-04-16'),
	('01.1020101.002856', '010313.002853', '12 Bulan', '2017-02-15'),
	('01.1020101.002857', '010310.000866', '12 Bulan', '2017-03-15'),
	('01.1020101.002858', '010314.003133', '12 Bulan', '2017-02-14'),
	('01.1020101.002859', '010314.003282', '12 Bulan', '2017-04-15'),
	('01.1020101.002860', '010314.003283', '12 Bulan', '2017-05-15'),
	('01.1020101.002861', '010314.003084', '12 Bulan', '2017-02-14'),
	('01.1020101.002862', '010313.002532', '12 Bulan', '2017-03-14'),
	('01.1020101.002863', '010312.002435', '12 Bulan', '2017-01-14'),
	('01.1020101.002864', '010309.000323', '12 Bulan', '2017-02-14'),
	('01.1020101.002865', '010310.000720', '12 Bulan', '2017-01-13'),
	('01.1020101.002866', '010313.002584', '10 Bulan', '2017-03-14'),
	('01.1020101.002867', '010314.003038', '10 Bulan', '2017-01-14'),
	('01.1020101.002868', '010314.003308', '12 Bulan', '2017-02-12'),
	('01.1020101.002869', '010311.001112', '12 Bulan', '2017-02-13'),
	('01.1020101.002870', '010314.003310', '24 Bulan', '2016-01-13'),
	('01.1020101.002872', '010314.003126', '10 Bulan', '2017-01-12'),
	('01.1020101.002873', '010313.002608', '12 Bulan', '2017-02-12'),
	('01.1020101.002874', '010315.003313', '6 Bulan', '2017-02-13'),
	('01.1020101.002875', '010311.001077', '12 Bulan', '2017-01-12'),
	('01.1020101.002876', '010212.002368', '6 Bulan', '2017-03-13'),
	('01.1020101.002877', '010313.002776', '6 Bulan', '2017-02-11'),
	('01.1020101.002878', '010314.003083', '10 Bulan', '2017-01-11'),
	('01.1020101.002879', '010315.003319', '24 Bulan', '2017-03-12'),
	('01.1020101.002880', '010315.003320', '6 Bulan', '2017-05-11'),
	('01.1020101.002881', '010309.000317', '10 Bulan', '2017-05-11'),
	('01.1020101.002882', '010309.000177', '18 Bulan', '2017-06-11'),
	('01.1020101.002883', '010314.002976', '10 Bulan', '2017-04-12'),
	('01.1020101.002884', '010312.002373', '12 Bulan', '2017-06-10'),
	('01.1020101.002885', '010313.002490', '12 Bulan', '2017-02-11'),
	('01.1020101.002886', '010313.002519', '6 Bulan', '2017-03-12'),
	('01.1020101.002887', '010314.002988', '12 Bulan', '2017-04-12'),
	('01.1020101.002888', '010311.001788', '24 Bulan', '2017-06-09'),
	('01.1020101.002889', '010315.003325', '18 Bulan', '2017-07-08'),
	('01.1020101.002890', '010312.002240', '12 Bulan', '2017-04-10'),
	('01.1020101.002891', '010308.000083', '12 Bulan', '2017-05-10'),
	('01.1020101.002892', '010314.003173', '24 Bulan', '2017-05-09'),
	('01.1020101.002893', '010309.000158', '10 Bulan', '2017-06-09'),
	('01.1020101.002895', '010309.000346', '24 Bulan', '2017-03-10'),
	('01.1020101.002896', '010315.003327', '12 Bulan', '2017-05-10'),
	('01.1020101.002897', '010315.003328', '18 Bulan', '2017-04-10'),
	('01.1020101.002898', '010315.003329', '12 Bulan', '2017-04-07'),
	('01.1020101.002899', '010311.001991', '10 Bulan', '2017-03-07'),
	('01.1020101.002900', '010314.003040', '6 Bulan', '2017-05-08'),
	('01.1020101.002901', '010315.003331', '18 Bulan', '2017-03-07'),
	('01.1020101.002902', '010315.003332', '24 Bulan', '2017-04-07'),
	('01.1020101.002903', '010312.002104', '12 Bulan', '2017-05-06'),
	('01.1020101.002904', '010315.003334', '12 Bulan', '2017-06-07'),
	('01.1020101.002905', '010313.002629', '18 Bulan', '2017-04-06'),
	('01.1020101.002906', '010315.003336', '12 Bulan', '2017-03-06'),
	('01.1020101.002907', '010313.002721', '24 Bulan', '2017-04-06'),
	('01.1020101.002908', '010313.002591', '10 Bulan', '2017-05-07'),
	('01.1020101.002914', '010312.002429', '6 Bulan', '2016-05-18'),
	('01.1020101.002916', '010311.001874', '30 Bulan', '2016-05-16'),
	('01.1020101.002964', '010308.000067', '6 Bulan', '2016-06-13'),
	('01.1020101.003004', '010314.003157', '18 Bulan', '2017-05-27'),
	('01.1020101.003040', '010310.000745', '6 Bulan', '2016-05-16'),
	('01.1020101.003092', '010309.001342', '36 Bulan', '2016-05-17'),
	('01.1020101.003139', '010314.003180', '12Bulan', '2017-03-31'),
	('01.1020101.003142', '010309.000256', '12Bulan', '2016-10-01'),
	('01.1020101.003143', '010108.001459', '24 Bulan', '2016-05-14'),
	('01.1020101.003165', '010311.001733', '6 Bulan', '2017-05-26'),
	('01.1020101.003191', '010315.003565', '30 Bulan', '2017-03-27'),
	('01.1020101.003234', '010309.000317', '12 Bulan', '2016-04-12'),
	('01.1020101.003235', '010315.003434', '30 Bulan', '2016-04-18'),
	('01.1020101.003236', '010309.000411', '18 Bulan', '2016-12-02'),
	('01.1020101.003237', '010310.000985', '24 Bulan', '2016-11-02'),
	('01.1020101.003238', '010315.003635', '6 Bulan', '2016-06-15'),
	('01.1020101.003270', '010309.001346', '12Bulan', '2016-10-01'),
	('01.1020101.003274', '010314.003104', '12 Bulan', '2017-05-26'),
	('01.1020101.003277', '010315.003674', '36 Bulan', '2017-04-27'),
	('01.1020101.003302', '010309.000575', '12 Bulan', '2016-04-17'),
	('01.1020101.003309', '010308.000047', '6 Bulan', '2017-01-02'),
	('01.1020101.003346', '010313.002530', '12Bulan', '0000-00-00'),
	('01.1020101.003350', '010315.003494', '24 Bulan', '2017-05-27'),
	('01.1020101.003399', '010315.003540', '6 Bulan', '2017-03-01'),
	('01.1020202.001054', '010108.001466', '12 Bulan', '2017-02-12'),
	('01.1020202.001055', '010312.002062', '6 Bulan', '2017-01-13'),
	('01.1020202.001056', '010310.001408', '12 Bulan', '2017-05-08'),
	('01.1020301.001473', '010308.000098', '6 Bulan', '2017-02-01'),
	('01.1020301.001551', '010308.000119', '6 Bulan', '2016-03-14'),
	('01.1020301.001601', '010314.003123', '6 Bulan', '2016-06-15'),
	('01.1020301.001603', '010314.003152', '6 Bulan', '2016-05-14'),
	('01.1020301.001616', '010309.001597', '12 Bulan', '2017-02-20'),
	('01.1020301.001617', '010313.002490', '12 Bulan', '2017-01-20'),
	('01.1020301.001618', '010309.000415', '24 Bulan', '2017-05-20'),
	('01.1020301.001619', '010314.003206', '18 Bulan', '2017-03-20'),
	('01.1020301.001620', '010311.001189', '12 Bulan', '2017-06-21'),
	('01.1020301.001621', '010313.002840', '12 Bulan', '2017-05-21'),
	('01.1020301.001622', '010311.001756', '24 Bulan', '2017-03-21'),
	('01.1020301.001623', '010308.000148', '12 Bulan', '2017-05-22'),
	('01.1020301.001624', '010308.000050', '12 Bulan', '2017-02-22'),
	('01.1020301.001625', '010314.003217', '12 Bulan', '2017-02-22'),
	('01.1020301.001626', '010310.000766', '18 Bulan', '2017-04-23'),
	('01.1020301.001627', '010312.002209', '12 Bulan', '2017-05-22'),
	('01.1020301.001628', '010313.002752', '12 Bulan', '2017-05-23'),
	('01.1020301.001629', '010314.002955', '12 Bulan', '2017-04-24'),
	('01.1020301.001648', '010313.002490', '12 Bulan', '2017-02-13'),
	('01.1020301.001649', '010314.003287', '12 Bulan', '2017-01-13'),
	('01.1020301.001650', '010314.003288', '12 Bulan', '2017-02-13'),
	('01.1020301.001651', '010310.001427', '18 Bulan', '2016-03-12'),
	('01.1020301.001652', '010312.002444', '12 Bulan', '2017-05-12'),
	('01.1020301.001653', '010313.002620', '10 Bulan', '2017-03-11'),
	('01.1020301.001654', '010308.000040', '12 Bulan', '2017-04-09'),
	('01.1020301.001656', '010312.002172', '10 Bulan', '2017-05-08'),
	('01.1020301.001657', '010312.002409', '12 Bulan', '2017-07-07'),
	('01.1020301.001668', '010308.000067', '36 Bulan', '2016-04-13'),
	('01.1020301.001676', '010309.000234', '18 Bulan', '2016-06-14'),
	('01.1020301.001697', '010309.000197', '6 Bulan', '2016-06-14'),
	('01.1020301.001698', '010314.003270', '24 Bulan', '2016-06-15'),
	('01.1020301.001761', '010314.003008', '18 Bulan', '2016-05-13'),
	('01.1020301.001769', '010309.000426', '30 Bulan', '2016-06-13'),
	('01.1020301.001792', '010314.003227', '6 Bulan', '2017-01-01'),
	('01.1020301.001804', '010310.000622', '6 Bulan', '2017-04-27'),
	('01.1020301.001805', '010215.003736', '12 Bulan', '2017-04-26'),
	('01.1020301.001806', '010315.003494', '6 Bulan', '2017-03-27'),
	('01.1020301.001823', '010309.000441', '30 Bulan', '2016-05-12'),
	('01.1020301.001824', '010312.002312', '30 Bulan', '2017-04-26'),
	('01.1020402.000022', '010314.002971', '12 Bulan', '2017-04-12');
/*!40000 ALTER TABLE `coll_pinjaman` ENABLE KEYS */;


-- Dumping structure for table collect.coll_referensi
CREATE TABLE IF NOT EXISTS `coll_referensi` (
  `R_KATEGORI` varchar(50) NOT NULL,
  `R_ID` varchar(50) NOT NULL,
  `R_INFO` varchar(70) NOT NULL,
  `R_URUTAN` int(11) NOT NULL DEFAULT '1',
  PRIMARY KEY (`R_KATEGORI`,`R_ID`)
) ENGINE=InnoDB DEFAULT CHARSET=latin1;

-- Dumping data for table collect.coll_referensi: ~13 rows (approximately)
DELETE FROM `coll_referensi`;
/*!40000 ALTER TABLE `coll_referensi` DISABLE KEYS */;
INSERT INTO `coll_referensi` (`R_KATEGORI`, `R_ID`, `R_INFO`, `R_URUTAN`) VALUES
	('DEFAULT_YES_NO', 'T', 'Tidak', 2),
	('DEFAULT_YES_NO', 'Y', 'Ya', 1),
	('GROUP_ROLE', 'GR_ADMINISTRATOR', 'Administrator', 1),
	('GROUP_ROLE', 'GR_COLLECTOR', 'Collector', 2),
	('GROUP_ROLE', 'GR_SUPERVISOR', 'Supervisor', 3),
	('REPORT_TYPE', 'RPT_COLLECTING', 'Laporan Collecting', 1),
	('STATUS_COLLECTION', 'ST_BAYAR', 'Bayar', 1),
	('STATUS_COLLECTION', 'ST_BAYAR_PARSIAL', 'Bayar sebagian', 2),
	('STATUS_COLLECTION', 'ST_JADWAL', 'Dalam penjadwalan', 5),
	('STATUS_COLLECTION', 'ST_TIDAK_BAYAR', 'Tidak membayar', 3),
	('STATUS_COLLECTION', 'ST_TIDAK_DITEMUKAN', 'Tidak bertemu customer', 4),
	('USER_STATUS', 'USER_ACTIVE', 'Aktif', 1),
	('USER_STATUS', 'USER_INACTIVE', 'Non-aktif', 2);
/*!40000 ALTER TABLE `coll_referensi` ENABLE KEYS */;


-- Dumping structure for table collect.coll_settings
CREATE TABLE IF NOT EXISTS `coll_settings` (
  `SET_ID` varchar(70) NOT NULL,
  `SET_VALUE` varchar(500) NOT NULL,
  PRIMARY KEY (`SET_ID`)
) ENGINE=InnoDB DEFAULT CHARSET=latin1;

-- Dumping data for table collect.coll_settings: ~8 rows (approximately)
DELETE FROM `coll_settings`;
/*!40000 ALTER TABLE `coll_settings` DISABLE KEYS */;
INSERT INTO `coll_settings` (`SET_ID`, `SET_VALUE`) VALUES
	('APP_NAME', 'Collection Management System'),
	('COMPANY_PREFIX', 'TSC.'),
	('DEFAULT_MAP_LAT', '-6.9919477'),
	('DEFAULT_MAP_LNG', '110.3785823'),
	('DEFAULT_PASSWORD', '12345678'),
	('GOOGLE_MAPS_API_KEY', 'AIzaSyBRb8RNHD2ciJEMZrTNjpcrX2d-vLCDuLQ'),
	('LOGIN_EXPIRED_DAYS', '5'),
	('MONITORING_INTERVAL_MS', '70000');
/*!40000 ALTER TABLE `coll_settings` ENABLE KEYS */;


-- Dumping structure for table collect.coll_user
CREATE TABLE IF NOT EXISTS `coll_user` (
  `U_ID` varchar(35) NOT NULL,
  `U_PASSWORD` varchar(35) NOT NULL,
  `U_PASSWORD_HASH` varchar(50) DEFAULT NULL,
  `U_NAMA` varchar(35) NOT NULL,
  `U_GROUP_ROLE` varchar(20) NOT NULL DEFAULT 'GR_COLLECTOR' COMMENT 'coll_referensi : GROUP_ROLE',
  `U_TELPON` varchar(20) NOT NULL,
  `U_EMAIL` varchar(70) NOT NULL,
  `U_STATUS` varchar(20) NOT NULL DEFAULT 'USER_ACTIVE' COMMENT 'coll_referensi : USER_STATUS',
  `U_LOGIN_WAKTU` datetime DEFAULT '0000-00-00 00:00:00',
  `U_LOGIN_TOKEN` varchar(50) DEFAULT '-',
  `U_REGISTRASI_TGL` datetime DEFAULT '0000-00-00 00:00:00',
  `U_DEVICE_TOKEN` varchar(50) DEFAULT '-',
  `U_PIN_PATH` varchar(300) DEFAULT '-' COMMENT 'Path ke file icon location pin milik user tsb',
  `PRSH_ID` varchar(10) DEFAULT '-',
  PRIMARY KEY (`U_ID`),
  KEY `U_TELPON` (`U_TELPON`),
  KEY `U_EMAIL` (`U_EMAIL`)
) ENGINE=InnoDB DEFAULT CHARSET=latin1;

-- Dumping data for table collect.coll_user: ~58 rows (approximately)
DELETE FROM `coll_user`;
/*!40000 ALTER TABLE `coll_user` DISABLE KEYS */;
INSERT INTO `coll_user` (`U_ID`, `U_PASSWORD`, `U_PASSWORD_HASH`, `U_NAMA`, `U_GROUP_ROLE`, `U_TELPON`, `U_EMAIL`, `U_STATUS`, `U_LOGIN_WAKTU`, `U_LOGIN_TOKEN`, `U_REGISTRASI_TGL`, `U_DEVICE_TOKEN`, `U_PIN_PATH`, `PRSH_ID`) VALUES
	('ADM.001', '12345678', '023817f4aed3310cd603121270b8f604', 'Administrator 001', 'GR_ADMINISTRATOR', '089138787', 'adm.001@yahoo.com', 'USER_ACTIVE', '2018-03-01 12:31:05', '041ddcbffe374b3efeb9d86d9001a2', '0000-00-00 00:00:00', '-', '-', '-'),
	('ADM.002', 'abcdefghij', '38b479f39928ef7acdc562d4e91d2c21', 'Administrator 002', 'GR_ADMINISTRATOR', '0818364311', 'adm.002@gmail.com', 'USER_ACTIVE', '2017-06-07 06:57:27', '8104fbf3c4d7482e700b0907e3c770', '0000-00-00 00:00:00', '-', '-', '-'),
	('ADM.003', '12345678', '51a1e9b18089ec40d131cbc4d503b76a', 'Administrator 003', 'GR_ADMINISTRATOR', '347787678', 'aaa@dfdf.com', 'USER_ACTIVE', '0000-00-00 00:00:00', '-', '0000-00-00 00:00:00', '-', '-', '-'),
	('ARTHA.COLL.001', '12345678', '307f9a4ba189f9e1c20b47381946f48b', 'Trial collector 1', 'GR_COLLECTOR', '0812345', 'Collector1@arthasukses.com', 'USER_ACTIVE', '0000-00-00 00:00:00', '-', '0000-00-00 00:00:00', '-', '-', 'TSC.011'),
	('ARTHA.COLL.002', '12345678', 'adcb6f95b9308134acd45344d5919510', 'Trial collector 2', 'GR_COLLECTOR', '0851234', 'Collector2@arthasukses.com', 'USER_ACTIVE', '0000-00-00 00:00:00', '-', '0000-00-00 00:00:00', '-', '-', 'TSC.011'),
	('ASBA.AND.001', '12345678', 'cf5907aa2660473ccf542c210942df32', 'ANDI RIYANTO', 'GR_COLLECTOR', '081032678495', 'asba.and.001@asba', 'USER_ACTIVE', '2018-02-01 11:31:51', '13c08d5eb4cf0c3424f1835e761af4', '2017-06-09 09:45:00', '-', '-', 'ASBA'),
	('ASBA.BUD.099', '12345678', '4a16bc879d3586a493eaee9c7b8736d7', 'BUDI TESTING', 'GR_COLLECTOR', '990198576234', 'asba.bud.099@asba', 'USER_ACTIVE', '2017-07-30 14:28:46', 'acd33c0fab762c565e7f7dde067fe2', '2017-07-26 14:18:59', '-', '-', 'ASBA'),
	('ASBA.DEW.004', '12345678', 'c2409b9798a0e6e720736257039616ae', 'EKA DEWI RIYANA WATI', 'GR_COLLECTOR', '085721048639', 'asba.dew.004@asba', 'USER_ACTIVE', '0000-00-00 00:00:00', '-', '2017-06-09 09:45:00', '-', '-', 'ASBA'),
	('ASBA.DWI.003', '12345678', '76ea9d93e2dbdd299ab1e1633a674e66', 'DWI SETYOWATI', 'GR_COLLECTOR', '084396208157', 'asba.dwi.003@asba', 'USER_ACTIVE', '2017-07-30 18:27:04', '944074c42ef4d6921cc943999ce72e', '2017-06-09 09:45:00', '-', '-', 'ASBA'),
	('ASBA.HDI.007', '12345678', '34972a0a9eed2d66f6c360f770033a89', 'HADI SANTOSO', 'GR_COLLECTOR', '083042751698', 'asba.hdi.007@asba', 'USER_ACTIVE', '0000-00-00 00:00:00', '-', '2017-06-09 09:45:00', '-', '-', 'ASBA'),
	('ASBA.HER.098', '12345678', '914d1b0d29966171d388069824a82523', 'HERI TESTING', 'GR_COLLECTOR', '999480635172', 'asba.her.098@asba', 'USER_ACTIVE', '0000-00-00 00:00:00', '-', '2017-07-26 14:18:59', '-', '-', 'ASBA'),
	('ASBA.NRL.002', '12345678', 'a57d5928d3e410f3876d47ff20ec93dd', 'DWI NURUL SISILANINGTYAS', 'GR_COLLECTOR', '083524906817', 'asba.nrl.002@asba', 'USER_ACTIVE', '0000-00-00 00:00:00', '-', '2017-06-09 09:45:00', '-', '-', 'ASBA'),
	('ASBA.RSM.006', '12345678', '7433244f0253e1c09737f78616465d9f', 'RASIMIN', 'GR_COLLECTOR', '084382715906', 'asba.rsm.006@asba', 'USER_ACTIVE', '0000-00-00 00:00:00', '-', '2017-06-14 23:24:35', '-', '-', 'ASBA'),
	('ASBA.SPV.001', '12345678', 'bcfeac2b774cbb4e2ab071d4fd93aa47', 'Supervisor 001', 'GR_SUPERVISOR', '089991111', 'asba.spv.001@gmail.com', 'USER_ACTIVE', '2018-02-08 10:28:04', '571ef8ed8307c0fe9698799fb7faf3', '0000-00-00 00:00:00', '-', '-', 'ASBA'),
	('ASBA.SPV.002', '12345678', '2cdaa8f88f42a81b3cbceb1a2f06461f', 'Supervisor 002', 'GR_SUPERVISOR', '0812434343', 'asba.spv.002@gmail.com', 'USER_ACTIVE', '2017-06-14 21:50:00', 'ac4f6f275f50c41033003c7d18807b', '0000-00-00 00:00:00', '-', '-', 'ASBA'),
	('ASBA.SPV.003', '12345678', '088ad71f27e7560d576d1fe3f130b636', 'Supervisor 003', 'GR_SUPERVISOR', '088812345678', 'spv.003@gmail.com', 'USER_ACTIVE', '0000-00-00 00:00:00', '-', '0000-00-00 00:00:00', '-', '-', 'ASBA'),
	('ASBA.YON.005', '12345678', 'ccfdc246f93980a7cbe01183ba4ed6c9', 'PARYONO', 'GR_COLLECTOR', '084736120958', 'asba.yon.005@asba', 'USER_ACTIVE', '2017-06-14 23:48:15', '9d6b4a017aaeec1d456505a405b58c', '2017-06-14 23:24:35', '-', '-', 'ASBA'),
	('CANMF.AST.001', '12345678', '207267e3dc550e889d3edfa54ddaa327', 'ANDHI SETIYAWAN', 'GR_COLLECTOR', '997196820354', 'canmf.ast.001@tsc.002', 'USER_ACTIVE', '2018-03-01 12:13:05', 'f32057dec36a06cfe54de6db7adeb5', '2018-02-17 09:13:20', '-', '-', 'TSC.002'),
	('CANMF.AST.002', '12345678', '44161efad7733da8d27860b7261ceeee', 'DWI NURUL SISILANINGTYAS', 'GR_COLLECTOR', '991043875269', 'canmf.ast.002@tsc.002', 'USER_ACTIVE', '0000-00-00 00:00:00', '-', '2018-02-17 09:13:20', '-', '-', 'TSC.002'),
	('CANMF.AST.003', '12345678', '72dc63861e01fa6a9430ecc0cd8a508a', 'DWI RISTIYANTO', 'GR_COLLECTOR', '994785309162', 'canmf.ast.003@tsc.002', 'USER_ACTIVE', '2018-02-17 09:51:39', 'efc11378bd9d40fb2ebbabde4bb9ab', '2018-02-17 09:13:20', '-', '-', 'TSC.002'),
	('CANMF.AST.004', '12345678', '943d5af9bc9bb5e2f4c94b7aba1dd7a8', 'EKA DEWI RIYANA WATI', 'GR_COLLECTOR', '999806754231', 'canmf.ast.004@tsc.002', 'USER_ACTIVE', '0000-00-00 00:00:00', '-', '2018-02-17 09:13:20', '-', '-', 'TSC.002'),
	('CANMF.AST.005', '12345678', '49d898186159c8fbe52d5787ece509ed', 'PARYONO', 'GR_COLLECTOR', '996341250879', 'canmf.ast.005@tsc.002', 'USER_ACTIVE', '0000-00-00 00:00:00', '-', '2018-02-17 09:13:20', '-', '-', 'TSC.002'),
	('CANMF.AST.006', '12345678', '861bb1824047bf824011044e4d1de92e', 'RASIMIN', 'GR_COLLECTOR', '999836214057', 'canmf.ast.006@tsc.002', 'USER_ACTIVE', '0000-00-00 00:00:00', '-', '2018-02-17 09:13:20', '-', '-', 'TSC.002'),
	('CANMF.AST.007', '12345678', '701e155020ea8aaac1036dfc035f6b43', 'HADI SANTOSO', 'GR_COLLECTOR', '998029753164', 'canmf.ast.007@tsc.002', 'USER_ACTIVE', '0000-00-00 00:00:00', '-', '2018-02-17 09:13:20', '-', '-', 'TSC.002'),
	('CMP002.SPV1', '12345678', '3add8aa76f81a08860947d18d3661f40', 'Spv Comp 2', 'GR_SUPERVISOR', '33434', 'dfdfd@dfdf', 'USER_ACTIVE', '2017-07-17 06:09:48', '9e5c1f3a1e89d7c6034cb56c249d46', '0000-00-00 00:00:00', '-', '-', 'CMP002'),
	('coll.rahmadi.arthasukses', '12345678', 'fd9684b2ce2ff26df4b3bedd45a4b491', 'rahmadi', 'GR_COLLECTOR', '124358', 'rahmadi@arthasukses.com', 'USER_ACTIVE', '0000-00-00 00:00:00', '-', '0000-00-00 00:00:00', '-', '-', 'TSC.011'),
	('coll.sian.arthasukses', '12345678', 'e793f4eae4040bb0611647001a8341a5', 'sian', 'GR_COLLECTOR', '1234', 'sian@sukses.com', 'USER_ACTIVE', '2017-08-18 02:57:34', '5a0908c848b6682ec58e9f34209d7f', '0000-00-00 00:00:00', '-', '-', 'TSC.011'),
	('coll.yunita.arthasukses', '12345678', '81dde64194d77d3f8381c42efa25030c', 'yunita', 'GR_COLLECTOR', '12345', 'yunita@arthasukses.com', 'USER_ACTIVE', '0000-00-00 00:00:00', '-', '0000-00-00 00:00:00', '-', '-', 'TSC.011'),
	('EVY.ARTHASUKSES', '12345678', 'c42fbe080247440b4e0a90c2e20de933', 'Evy', 'GR_SUPERVISOR', '15426', 'Evy@arthasukses.com', 'USER_ACTIVE', '2017-08-18 03:05:53', 'e5400cec8daa82fa3c8896504ab1be', '0000-00-00 00:00:00', '-', '-', 'TSC.011'),
	('ida.001', '12345678', '5f7f9a88700659451ca529f5bc504773', 'Marketing 1', 'GR_COLLECTOR', '0815760281', 'marketing01@gmail.com', 'USER_ACTIVE', '2018-03-01 10:33:53', '32254e107b1689416bccf702c89785', '0000-00-00 00:00:00', '-', '-', 'TSC.012IDA'),
	('ida.002', '12345678', '6fa77503a6b826c747fe970b1bfa6822', 'Marketing 2', 'GR_COLLECTOR', '08157606282', 'marketing02@gmail.com', 'USER_ACTIVE', '2018-01-17 10:24:10', 'd3c152a2fb43be33a998123f7baafb', '0000-00-00 00:00:00', '-', '-', 'TSC.012IDA'),
	('ida.003', '12345678', 'acf96fb0041b2e9be69c640bad418b1f', 'Marketing 3', 'GR_COLLECTOR', '08157606283', 'marketing003@gmail.com', 'USER_ACTIVE', '2017-12-05 08:41:08', 'fd060efbbc14bfca694cf6bb7db113', '0000-00-00 00:00:00', '-', '-', 'TSC.012IDA'),
	('ida.004', '12345678', '7a88ba254f440e4655ee5ae2240d13b5', 'marketing 004', 'GR_COLLECTOR', '08157888004', 'marketing004@gmail.com', 'USER_ACTIVE', '0000-00-00 00:00:00', '-', '0000-00-00 00:00:00', '-', '-', 'TSC.012IDA'),
	('ida.005', '12345678', 'c8dd29ca71d07bf16226f629e971a703', 'marketing005', 'GR_COLLECTOR', '08157888005', 'marketing005@gmail.com', 'USER_ACTIVE', '2018-01-25 13:31:12', '8d5b4c413bcd6b630ebc06b7036df0', '0000-00-00 00:00:00', '-', '-', 'TSC.012IDA'),
	('ida.006', '12345678', 'a2bfa40220d606967c8623e2a0308db4', 'MARKETING 6', 'GR_COLLECTOR', '08157606286', 'MARKETING6', 'USER_ACTIVE', '2018-01-19 09:03:32', '0722ac0a336e991c183759ea0b2225', '0000-00-00 00:00:00', '-', '-', 'TSC.012IDA'),
	('ida.007', '1234567', '2e2af025b42a8bb68cdecce9f0abc029', 'MARKETING 007', 'GR_COLLECTOR', '08157606287', 'MARKETING7', 'USER_ACTIVE', '0000-00-00 00:00:00', '-', '0000-00-00 00:00:00', '-', '-', 'TSC.012IDA'),
	('ida.spv.001', '12345678', '77b45a8daa8c59b35e4fd5d91be054ab', 'supervisor ida cat.', 'GR_SUPERVISOR', '081578880000', 'supervisorida@gmail.com', 'USER_ACTIVE', '2018-03-01 10:32:47', '9a8a2a3f03dd4b90ea9b31a09f719b', '0000-00-00 00:00:00', '-', '-', 'TSC.012IDA'),
	('MURIA.COLL.001', '12345678', 'e48e4bb9ba81d1e457c676c9fd39b6ca', 'Pandu Wicaksono', 'GR_COLLECTOR', '0856781728', 'muria.coll.001@muria', 'USER_ACTIVE', '2017-11-24 15:04:02', '5be91baffedd8f5172f64ceb6c382d', '2017-06-09 08:44:55', '-', '-', 'MURIA'),
	('MURIA.COLL.002', '12345678', '0376d3286a844ba5d28b5a68fb2117f6', 'Teguh Pujianto', 'GR_COLLECTOR', '080821657934', 'muria.coll.002@muria', 'USER_ACTIVE', '0000-00-00 00:00:00', '-', '2017-06-09 08:44:55', '-', '-', 'MURIA'),
	('MURIA.COLL.003', '12345678', 'a27418b9aa8f6dec4cb3442ada23cf23', 'Dimas Budiman', 'GR_COLLECTOR', '080649215738', 'muria.coll.003@muria', 'USER_ACTIVE', '0000-00-00 00:00:00', '-', '2017-06-09 08:44:55', '-', '-', 'MURIA'),
	('MURIA.COLL.004', '12345678', 'd07313217347b2810ee7334608175cc6', 'Setiawan Yulianto', 'GR_COLLECTOR', '085248916037', 'muria.coll.004@muria', 'USER_ACTIVE', '0000-00-00 00:00:00', '-', '2017-06-09 08:44:55', '-', '-', 'MURIA'),
	('MURIA.COLL.005', '12345678', 'd628330767048981f5777881bdc2596a', 'Darsono', 'GR_COLLECTOR', '080638215947', 'muria.coll.005@muria', 'USER_ACTIVE', '0000-00-00 00:00:00', '-', '2017-06-09 08:44:55', '-', '-', 'MURIA'),
	('MURIA.COLL.006', '12345678', '10a0aef1fe8bc64647e27d47ffcf34b3', 'Dhono Warseno', 'GR_COLLECTOR', '083250719468', 'muria.coll.006@muria', 'USER_ACTIVE', '0000-00-00 00:00:00', '-', '2017-06-09 08:44:55', '-', '-', 'MURIA'),
	('MURIA.COLL.007', '12345678', '04418913daac7bc5b1c76782833757ad', 'Agung Prayitno', 'GR_COLLECTOR', '081569487032', 'muria.coll.007@muria', 'USER_ACTIVE', '0000-00-00 00:00:00', '-', '2017-06-09 08:44:55', '-', '-', 'MURIA'),
	('MURIA.SPV.001', '12345678', 'f5aca3e32affa27c105ca713b414fe10', 'Supervisor Muria 1', 'GR_SUPERVISOR', '08112900513', 'muria01@gmail.com', 'USER_ACTIVE', '2017-06-09 21:00:43', 'cabdba41d153602be7f06ce218f413', '0000-00-00 00:00:00', '-', '-', 'MURIA'),
	('SPV.ARTHASUKSES', 'qwerty1234', 'a7d6c2476c161ee2ebadd0368f6a1739', 'Supervisor ksp artha sukses ', 'GR_SUPERVISOR', '024', 'Spv@arthasukses.com', 'USER_ACTIVE', '2017-08-18 02:55:09', '593cbfd0e4f4daa02bb290c5b0ec33', '0000-00-00 00:00:00', '-', '-', 'TSC.011'),
	('spv.can.01', '12345678', '63093ba24c52d10064af9142146e98f7', 'Spervisor Can', 'GR_SUPERVISOR', '082220128082', 'spv@canmf.co.id', 'USER_ACTIVE', '2018-03-01 12:34:43', '88f5727e914d5d149b4d260f6702e7', '0000-00-00 00:00:00', '-', '-', 'TSC.002'),
	('SPV.CMP001', '12345678', 'a90a1fcd307e7cf11674891804a254f6', 'Supervisor CMP001', 'GR_SUPERVISOR', '223232', 'dfd@dsfsdf', 'USER_ACTIVE', '2017-07-17 06:03:02', '5af54781e671a3717f16887e180d64', '0000-00-00 00:00:00', '-', '-', 'CMP001'),
	('SPV.TLZ.001', '12345678', '850b267c26f6ce23a13768f36c2ccfbf', 'Supervisor Trastel Lancar Rezeki ', 'GR_SUPERVISOR', '085640305747', 'hyozhoka@gmail.com', 'USER_ACTIVE', '2017-11-29 09:21:37', 'e4b7950614fbe56c762eb4d2db0c53', '0000-00-00 00:00:00', '-', '-', 'TSC.10'),
	('SPV03', '12345678', 'e2b43d766c5513019f42be65dc1c7e74', 'Donie', 'GR_SUPERVISOR', '08666', 'spv@gmail.com', 'USER_ACTIVE', '2017-11-20 21:10:44', 'fc7f885cb78b7e42594c36b8f42d63', '0000-00-00 00:00:00', '-', '-', 'TR01'),
	('TLZ.AR', '12345678', '95995aed40112641ecd9f2c34a8d7d5d', 'agus.R', 'GR_COLLECTOR', '0815', 'Aray@gmail.com', 'USER_ACTIVE', '2017-11-29 09:54:35', 'dfc268a8e7c00bb9c26a8f937ff07f', '0000-00-00 00:00:00', '-', '-', 'TSC.10'),
	('TLZ.DIK', '12345678', 'ce3fe29f7ba9b8a9bf2c38359e09fdb9', 'Dika', 'GR_COLLECTOR', '996324819570', 'tlz.dik@tsc.10', 'USER_ACTIVE', '0000-00-00 00:00:00', '-', '2017-08-04 00:43:41', '-', '-', 'TSC.10'),
	('TLZ.DIKA', '12345678', '42cb7c63642ff17776f4b18549a27e42', 'Dika', 'GR_COLLECTOR', '990734685219', 'tlz.dika@tsc.10', 'USER_ACTIVE', '0000-00-00 00:00:00', '-', '2017-08-04 00:39:47', '-', '-', 'TSC.10'),
	('TLZ.DON', '12345678', '515de63ec5c97de65a75842b0eaa8c78', 'TAUFIK DONI S', 'GR_COLLECTOR', '08564', 'doni@gmail.com', 'USER_ACTIVE', '2017-08-22 10:15:47', 'c7fb372901da3b5afaf88bbca1de3b', '0000-00-00 00:00:00', '-', '-', 'TSC.10'),
	('TLZ.HBB', '12345678', 'b4d4bfb830b5ac1366d5737ab04e7707', 'Habibi', 'GR_COLLECTOR', '992816049537', 'tlz.hbb@tsc.10', 'USER_ACTIVE', '0000-00-00 00:00:00', '-', '2017-08-04 00:39:47', '-', '-', 'TSC.10'),
	('TLZ.HER', '12345678', 'ff92c89fbedd711ef0cf2752f60453f8', 'HERMAN S', 'GR_COLLECTOR', '0812', 'herman@gmail.com', 'USER_ACTIVE', '2017-08-06 01:06:11', '26bf66e0f47d1086272cbde1cef790', '0000-00-00 00:00:00', '-', '-', 'TSC.10'),
	('TSC.002', '12345678', '27d5faf4e4d47f0948577f455ae2ef37', 'Admin CANMF', 'GR_SUPERVISOR', '082220128072', 'can.myid@gmail.com', 'USER_ACTIVE', '2017-07-23 05:02:55', 'af72de11bf24db5395d1651388bb6f', '0000-00-00 00:00:00', '-', '-', 'TSC.002'),
	('TSC.SPV.001', '12345678', '740ec16232b51372c3ccadfb9f5254c0', 'Spv 001', 'GR_SUPERVISOR', '0878374837', 'dfd@dfdf.com', 'USER_ACTIVE', '2017-08-03 11:45:52', 'c4089dfc59eafc56517d7f1d35116f', '0000-00-00 00:00:00', '-', '-', 'TSC.001');
/*!40000 ALTER TABLE `coll_user` ENABLE KEYS */;
/*!40101 SET SQL_MODE=IFNULL(@OLD_SQL_MODE, '') */;
/*!40014 SET FOREIGN_KEY_CHECKS=IF(@OLD_FOREIGN_KEY_CHECKS IS NULL, 1, @OLD_FOREIGN_KEY_CHECKS) */;
/*!40101 SET CHARACTER_SET_CLIENT=@OLD_CHARACTER_SET_CLIENT */;
